study_hours,attendance,previous_scores,sleep_hours,extracurricular,family_support,internet_access,tutoring,marks,pass_fail
3.745401188473625,59.25664644193098,54.39381260547483,8.036217965253389,1,1,0,0,61.25038324549947,1
9.50714306409916,77.0950473689179,53.58383394895999,8.780088383148234,0,4,1,0,100.0,1
7.319939418114051,93.64729179382041,89.84400192865701,5.502807392754994,3,1,1,1,100.0,1
5.986584841970366,86.61124432047805,53.725040991722835,7.749244597641994,0,2,1,0,86.33044924164832,1
1.5601864044243652,90.32805739307248,54.9572349370747,7.430475898862492,2,1,1,0,63.99404220420683,1
1.5599452033620265,82.93916833553587,81.76690443298801,8.996982260729627,2,2,1,0,86.69231016750555,1
0.5808361216819946,84.61382822589263,64.7356913347797,9.436522362887564,3,2,1,0,74.28336941925053,1
8.661761457749352,92.45978257826596,82.71908063253497,4.072940628864321,0,1,1,0,100.0,1
6.011150117432088,62.483400442959294,43.59513866604119,8.044119514352756,3,3,1,1,87.73684661265901,1
7.080725777960454,74.47124818215703,66.81641565203614,4.311014794718374,0,1,1,0,100.0,1
0.20584494295802447,61.06047209098011,41.84874801008054,7.2931519904641355,1,5,1,0,49.44536178392676,0
9.699098521619943,99.38340039983234,43.445926190044496,5.725796374262069,2,5,1,1,100.0,1
8.324426408004218,97.20296698433066,89.85405993394261,5.840659597132847,3,3,1,0,100.0,1
2.1233911067827616,51.9713405684253,47.65849541146773,6.11775102071414,1,2,1,0,60.468594421584754,1
1.8182496720710062,85.27875862578442,69.28313752513694,7.72775469429766,1,3,1,1,82.3783296672444,1
1.8340450985343382,96.26241587078329,62.61025814303886,6.004299794012615,3,5,1,1,87.79802291539292,1
3.0424224295953772,59.02876725636668,59.10388294423635,8.396194303541682,3,3,1,0,74.69236793487059,1
5.247564316322379,78.39726152763147,89.49083401279998,6.427164313443218,1,1,0,1,100.0,1
4.319450186421157,95.77441487940209,41.200286822651925,4.410119201859752,0,3,1,0,70.38810960587303,1
2.9122914019804194,51.69729892928994,76.5084327396574,8.702559054904643,1,2,1,1,84.48148767066074,1
6.118528947223795,84.871013362342,92.98669388174528,5.714549947556236,3,1,1,0,96.62435808571625,1
1.3949386065204183,64.86745036862754,70.8092500904013,6.596601277595576,1,4,1,0,74.34472426491418,1
2.9214464853521815,96.21980976882652,91.52523541182005,8.112663299331409,0,5,1,0,100.0,1
3.663618432936917,98.55291225826838,42.87418336073131,5.994736942892272,2,5,0,0,75.52291876492303,1
4.56069984217036,97.2133244556717,63.033632549078874,4.3395139368802935,2,3,1,0,95.00172937894973,1
7.851759613930136,73.71071083287319,54.30867850291281,6.243526282076882,1,1,0,1,95.41876150532657,1
1.9967378215835974,93.10213254946567,80.19515307394013,9.666691496165821,0,4,0,0,94.58618326373012,1
5.142344384136116,92.22746992675351,93.97133997734856,7.850406383791349,2,1,1,0,100.0,1
5.924145688620425,65.95502366216279,54.10915343443363,8.028874892003241,1,5,1,0,100.0,1
0.46450412719997725,91.44577370753387,75.97960308107409,7.793692921825839,1,1,1,0,63.81436265165452,1
6.075448519014383,51.85038173577463,50.895369801785705,5.1939528337566205,0,4,1,1,81.8380051743387,1
1.7052412368729153,79.81349392410266,71.09316400143854,6.510003184613681,3,3,0,0,69.87405461215609,1
0.6505159298527952,61.50044186438515,65.51628676785849,8.505638790179908,1,2,1,0,75.04600638326124,1
9.488855372533333,56.02834428886394,93.46029312973454,4.608237385318954,3,1,1,0,100.0,1
9.656320330745594,53.84766008146046,73.46899999830566,5.667116656538274,3,2,1,1,100.0,1
8.08397348116461,84.81443879390699,59.222850464775036,5.657914650795122,2,5,1,0,100.0,1
3.0461376917337066,66.9937481884033,46.275268168836334,6.592113565567036,3,3,1,0,73.7023616839012,1
0.9767211400638387,86.23833857643808,48.3185755804214,9.88221244565311,0,3,1,0,65.98402408816432,1
6.842330265121569,53.26781703994712,52.39243114731793,4.405015280102932,2,1,0,0,72.23058584693663,1
4.4015249373960135,65.76451689153052,53.803166373716394,7.11220596628357,2,3,1,0,81.9346980064352,1
1.2203823484477883,76.97456461876686,86.78388318126258,5.076188092073263,2,1,1,1,84.78323710008544,1
4.951769101112702,89.53615824194819,70.86725335553888,9.824059272458465,1,1,0,1,100.0,1
0.34388521115218396,65.9376251466035,68.78650012559015,4.679821028364785,1,2,0,1,74.0227905299723,1
9.093204020787821,81.29456882185045,46.31228795280696,6.421606014169548,3,3,1,0,94.16978661615663,1
2.587799816000169,94.29888741180935,87.30768313421892,8.427309909007636,2,1,1,0,93.13202455327678,1
6.62522284353982,80.79315940911523,79.75478667646661,8.22732656816467,2,2,0,0,100.0,1
3.1171107608941098,61.64797373768169,43.72175990450009,6.536371821363593,0,4,1,1,71.23112857057002,1
5.200680211778108,51.220039077826904,78.93093034763729,6.07914500771631,3,2,1,0,77.9455565561977,1
5.4671027934327965,93.50494369504649,69.89460195384554,6.385674271317224,0,2,1,1,92.8188977118308,1
1.8485445552552704,51.063470542519354,44.494894016072806,5.585657578951835,3,1,1,0,60.281087610962445,1
9.695846277645586,93.73508363420997,65.2065352840761,5.231997632240799,3,5,1,0,100.0,1
7.7513282336111455,76.4468567013606,66.65829579215259,6.89823818535334,1,5,1,0,100.0,1
9.394989415641891,96.95338492564481,49.117599708980165,5.611202536405644,1,5,1,0,100.0,1
8.948273504276488,89.93916178868326,92.01339808501552,5.724769989383501,0,2,1,1,100.0,1
5.978999788110851,99.89670552666686,86.74864543143642,7.940536380847343,3,1,1,1,100.0,1
9.218742350231167,67.53559077258551,76.79622855310096,9.811223990199354,2,3,0,0,100.0,1
0.884925020519195,88.35941444655634,65.42625585503339,7.62182320335625,1,2,1,0,74.07273809786183,1
1.959828624191452,70.0965456804621,62.64710478714797,4.4618768023897974,2,2,1,1,71.15698648991258,1
0.45227288910538066,73.99378101519544,75.80354069330248,4.453501683124402,0,1,1,1,77.18989875641655,1
3.2533033076326436,81.37527316091851,69.9987528173798,9.708539325073396,1,4,1,0,81.17401539885051,1
3.8867728968948203,93.68385570931693,43.42502082350371,5.783744741844002,1,2,1,0,77.19803185338341,1
2.713490317738959,99.20417345996475,68.18764568236824,4.552401916494853,3,4,1,0,85.49537121893431,1
8.287375091519294,88.41367069322591,84.35219894780617,7.594267522902289,0,4,1,0,100.0,1
3.567533266935893,70.8883391083667,65.2581932678327,7.741892669741596,3,5,1,0,92.20593998264661,1
2.8093450968738076,71.06785011385351,42.85761176548476,7.891028920712129,1,1,1,0,63.828135504284695,1
5.426960831582485,86.87911507944457,83.24530096612182,5.604412167145248,0,4,1,0,98.10989680637572,1
1.4092422497476265,61.938857288415115,51.075008017478595,4.09066410528685,1,1,1,0,66.06833431362716,1
8.021969807540398,55.52370565656973,54.22414591884213,9.790092216726832,0,5,1,0,91.9623666998616,1
0.7455064367977082,67.73110788203883,49.05884943877628,5.505358274146615,1,1,0,1,49.58184017353499,0
9.868869366005173,64.36194958270409,58.16182856793236,8.056157728315284,2,2,1,1,100.0,1
7.722447692966574,64.81540602279951,81.62133281287493,8.239779219272258,2,4,1,0,100.0,1
1.987156815341724,61.680387552495496,68.56622227271656,7.660044502476914,3,1,1,1,82.89503711379463,1
0.05522117123602399,52.104659481818096,51.26847007828919,5.877444365281889,2,3,1,1,63.30334318912124,1
8.154614284548341,50.89369673667069,88.28065429836224,5.626577522584395,1,1,1,0,100.0,1
7.068573438476172,99.38611948680158,88.3770020223341,7.586009696216219,1,4,1,0,100.0,1
7.2900716804098735,71.38865668679311,87.88181337753038,9.196573801670148,2,5,1,1,100.0,1
7.712703466859457,69.21633235798409,53.13379162598466,9.680402373540375,3,5,1,1,100.0,1
0.7404465173409036,83.9823641346535,64.81816392995435,4.635434826422546,2,4,1,1,72.48837842354672,1
3.5846572854427263,60.912694393253204,94.17443108774813,4.928971675586319,0,2,1,1,81.70636468197426,1
1.1586905952512971,97.49805919751127,82.46068619704947,9.668417552698479,0,2,1,1,99.37912374136855,1
8.631034258755935,89.3172507207776,41.49420816740579,8.419211370008755,0,5,1,0,94.73585563328636,1
6.232981268275579,54.47055011561297,43.58625251932706,9.297962948978638,2,5,1,0,85.72527710287595,1
3.308980248526492,70.87903878924642,65.5162257246783,5.215795804812059,2,4,0,0,78.32273075463192,1
0.6355835028602363,93.95591537810824,90.00711132238581,7.525515226656411,2,2,1,0,92.62604638706195,1
3.109823217156622,97.2366011145705,69.62859888739928,8.206837566504841,0,5,1,1,87.02081415492913,1
3.2518332202674705,73.37007556249348,67.37968794188596,8.080671312681837,3,2,1,0,87.37032866945549,1
7.29606178338064,80.67056946053539,45.80105349761468,6.4489101452001885,1,5,1,1,96.1406771453592,1
6.3755747135521315,58.35169730460376,76.12290575983617,4.092369350147851,2,1,1,0,93.19365698943987,1
8.872127425763265,99.55843130684883,85.2156738330124,7.497556340825579,3,3,1,0,100.0,1
4.722149251619493,61.58358506917217,60.92310041291593,5.518609235077653,1,1,0,0,82.07784968122782,1
1.195942459383017,97.13658870675629,82.65865180089301,6.701525476857342,1,5,1,0,83.62315887970519,1
7.13244787222995,82.48233244961843,93.04621596454464,9.745486090502904,1,3,1,1,100.0,1
7.607850486168974,80.38683974394296,51.2071552520229,6.3942119058546085,3,3,1,1,100.0,1
5.612771975694963,75.63442555082543,68.78312971571077,9.03880963998656,3,5,1,1,100.0,1
7.70967179954561,61.53349058588793,55.79258769465166,5.131243634495506,0,5,1,0,97.53986707878843,1
4.937955963643907,58.82640160027542,83.60699304686116,8.034762988150174,3,2,0,0,85.66116096818027,1
5.227328293819941,61.02431045350877,71.76763512346366,9.862041726633661,3,5,1,0,92.67854394401785,1
4.275410183585496,59.32191310721272,74.9020329652667,4.611358605237621,3,4,1,0,92.33325278923529,1
0.2541912674409519,88.97922367833766,83.88527877887418,4.049919653363152,1,5,1,1,76.87551731276001,1
1.0789142699330445,67.5062629583365,61.77837599643502,6.6014967557956865,2,4,1,1,74.84522240077003,1
0.3142918568673425,52.89213382816982,90.32995376238738,4.555752898308203,0,5,1,1,73.58758256993372,1
6.364104112637804,98.45513150704056,69.3165876985377,8.490306098057388,2,2,1,0,100.0,1
3.143559810763267,94.18929424817128,48.68751525594414,9.487291983091353,2,4,1,1,87.51332285306037,1
5.085706911647028,96.38761415976064,78.27445149928414,6.604125836252553,3,1,1,0,96.90172502018373,1
9.07566473926093,99.74539113232177,83.629374274104,5.552269852932646,0,4,1,1,100.0,1
2.4929222914887497,58.69476246097437,57.421892238713966,6.606419914039659,2,2,1,0,65.24306057647594,1
4.103829230356297,69.81210094513294,87.14485913493141,8.340686907100006,2,4,1,0,90.47778381203992,1
7.555511385430487,87.91192378520456,89.83787901211716,4.054324969482225,0,5,1,0,100.0,1
2.2879816549162246,84.8010309026896,55.22974680577949,7.536723936908183,3,5,1,1,90.81267107142742,1
0.7697990982879299,57.69479531699275,94.09368099933721,7.679750109324274,2,2,1,0,86.46321904714422,1
2.8975145291376805,90.79165624953089,47.73913404268171,7.826129481375613,1,3,1,0,82.18315950678698,1
1.6122128725400442,61.22202859183304,51.11086176213695,5.452132479885263,2,5,1,1,65.76775192653972,1
9.29697652342573,61.19088074113115,50.132366158091436,8.28431634026876,1,1,0,0,94.16963084961421,1
8.08120379564417,76.84872114467068,89.16943405043287,4.548348917990658,3,2,0,0,100.0,1
6.334037565104235,79.64699674208515,75.9860903778729,5.195622018800805,2,4,1,0,93.7684026557133,1
8.714605901877178,79.00431039189056,48.36573557722501,9.26482027992689,0,4,1,0,100.0,1
8.036720768991145,54.574341869887746,64.2177880102592,8.432338904359398,0,1,1,1,100.0,1
1.8657005888603584,93.87304313151901,73.84139137883912,4.082473324068071,2,5,1,1,91.86765368368218,1
8.925589984899778,63.2800021294353,44.59052467441608,5.490257562218801,3,2,1,0,88.61920385901473,1
5.393422419156507,56.47574606414021,88.53290026240363,5.286438897958988,3,1,0,1,93.05830361189491,1
8.074401551640625,94.43740399344887,84.19819444928444,5.6248379682218355,0,5,1,0,100.0,1
8.960912999234932,97.78257491148767,67.7863725467151,5.485358621679318,2,2,1,0,100.0,1
3.1800347497186388,93.10638086327253,93.19196383925437,4.375157774457074,3,4,1,0,100.0,1
1.1005192452767676,90.4758037362439,62.97685386013048,6.753643099580922,0,2,1,0,70.24651585687417,1
2.279351625419417,82.7620990319511,94.12606754700738,8.39640084871699,1,3,1,0,85.35884575657575,1
4.271077886262563,77.54286853045696,76.73559993419948,7.640390348304619,2,2,1,1,90.10955147025862,1
8.18014765922493,54.34933799557051,74.90692002896678,8.037230011588479,1,3,1,1,100.0,1
8.607305832563434,70.42266065353493,49.127519241268175,4.486895071217435,1,2,1,0,90.99089106383553,1
0.06952130531190703,68.6344258506157,88.50602670675542,9.708944261060722,3,3,1,0,87.40807756984537,1
5.107473025775658,62.98768918801631,63.51193283563383,9.03095100305815,3,4,1,1,100.0,1
4.17411003148779,86.17100568442925,48.922837318036365,8.830541910973977,3,5,0,1,98.41282343168679,1
2.2210781047073027,74.79378675393855,40.693413598666744,8.937902830250605,2,3,1,1,73.2686776000444,1
1.198653673336828,54.0523107953824,70.78656260011104,9.596263048796569,1,3,0,0,55.45053986939434,1
3.3761517140362796,61.009160097490565,69.0069792167472,7.265523796682186,2,4,1,1,89.38183250780207,1
9.429097039125192,84.16293818297979,79.56444923030372,5.201692107205755,3,3,1,0,100.0,1
3.2320293202075523,53.80654297451501,88.96419291597911,7.700701647115247,1,1,1,0,81.83566358534931,1
5.187906217433661,92.56034570243844,44.36736215536662,8.457288962007635,2,4,1,0,82.06029571174308,1
7.030189588951778,74.75732635069872,80.23230696871994,8.427504360124153,2,1,0,0,98.39458659297898,1
3.63629602379294,74.0293288663324,50.30765692536702,7.128694145001281,0,4,1,0,75.33096013728226,1
9.717820827209607,79.62038923297588,87.19973792364402,4.410752316001468,2,3,1,0,100.0,1
9.624472949421111,91.23404829625746,85.04849326239108,6.226677630580767,3,1,1,0,100.0,1
2.5178229582536416,67.39046039510966,69.74365652420494,9.524599650780143,2,3,0,1,83.8850697702168,1
4.972485058923855,83.90080762795318,79.06335392428213,7.506693458544556,1,4,1,0,95.2554175417215,1
3.0087830981676964,78.28659819978955,57.28925622510616,7.229991659534281,2,3,0,0,85.98065418767467,1
2.848404943774676,63.35141350847107,65.91423444130481,5.613121086293161,0,1,0,0,66.92985281951506,1
0.36886947354532795,93.9314993177579,85.19002937407595,6.210693519499474,1,1,1,1,85.21610088380305,1
6.095643339798968,89.8713010803464,65.25958584452677,9.372076534919016,1,3,1,0,100.0,1
5.026790232288615,82.92259173292128,59.6789045928993,7.9987782851610145,0,2,1,0,87.43609586039736,1
0.5147875124998935,92.52908645471209,67.1816845987665,8.724322160513998,3,4,0,0,71.15563373297582,1
2.7864646423661146,93.36471004799012,85.55370888404701,6.726072538405931,1,4,1,1,93.64044297864403,1
9.082658859666537,85.41814883575174,58.436442605398,7.7814833167369475,3,3,1,1,100.0,1
2.395618906669724,91.85066641818361,49.55688762246591,5.490301652459245,1,2,1,0,73.79391188605729,1
1.448948720912231,84.87357308346418,79.16077111819294,8.232764981700917,1,1,1,0,78.03343300505,1
4.89452760277563,84.00703858801502,85.4288016989445,6.565608002220024,3,5,1,1,100.0,1
9.856504541106007,80.93056891075922,45.535061318794334,6.655273088888474,1,5,1,0,100.0,1
2.4205527151150044,87.63583197788206,53.19307620157696,7.89593394746129,3,3,1,1,96.3900611936875,1
6.721355474058786,57.93025526465368,47.80845943685466,9.61768372881356,0,2,1,0,85.10511218140667,1
7.616196153287175,94.04353795994642,59.136777637019165,4.3840380796517255,3,2,1,0,98.08896295061444,1
2.3763754399239967,93.5921763872616,64.7693038397977,8.948459424082046,0,4,1,0,83.83873282607566,1
7.282163486118596,51.462364151727954,81.18544853298187,5.7542986624731585,1,1,1,0,97.12561087681948,1
3.677831327192532,91.29083752823814,75.81311716849208,6.663516727038267,3,2,1,1,100.0,1
6.3230583059357945,56.44349337367226,74.1510712113137,4.1314799726500535,1,5,0,1,86.42985547987891,1
6.335297107608947,66.7559427129571,59.38062206353099,5.806276467005878,3,1,1,0,91.0239339814059,1
5.357746840747585,87.1754128145804,86.2796154196618,7.015787455780783,0,1,1,1,98.20700110504932,1
0.902897700544083,58.03799480241541,65.92079420689905,4.337056464084634,0,3,1,0,57.71406390973697,1
8.35302495589238,90.8983512059531,93.85077159083349,6.946574376298991,3,2,1,0,100.0,1
3.2078006497173583,91.6067088978871,74.87781760626552,9.562663773150565,0,3,1,0,94.57468186054062,1
1.8651851039985423,75.37338668804182,46.94456078604765,4.632359308646832,1,2,1,1,64.95124215321346,1
0.40775141554763916,50.31929358584168,77.18976591414886,8.586644368453026,1,4,1,1,73.32133894831964,1
5.908929431882418,64.35190665874563,57.880720848743444,6.458026320255955,2,3,1,1,90.61726538929484,1
6.775643618422825,80.84634591878711,77.74799581773536,7.931042287146028,0,3,1,1,100.0,1
0.16587828927856152,99.05930890137117,43.83026314893232,5.561419587911376,1,5,0,1,70.56184456945827,1
5.12093058299281,81.59067635083342,49.61847904467777,4.95695357524815,3,3,1,1,87.61971848052262,1
2.2649577519793795,62.99017905320799,87.06554923981824,4.962775685627358,0,2,0,1,84.48174984965536,1
6.451727904094499,81.70028515498056,52.494875636293315,4.422951673858868,1,5,1,1,100.0,1
1.7436642900499144,76.99926898579278,86.03726188836171,5.113880229407458,0,3,1,0,87.95618458421376,1
6.90937738102466,88.99226975755718,55.360184864992576,7.985316309933809,3,3,1,0,100.0,1
3.867353463005374,55.34903194134792,75.35850505322892,9.290143671061049,1,4,1,0,89.83794900682402,1
9.367299887367345,88.05139512510141,78.1782815430407,8.884754113546972,2,3,1,0,100.0,1
1.3752094414599325,77.06332893380551,68.1960114229779,8.110805859246906,2,1,1,0,73.8057289289772,1
3.410663510502585,98.14960019294973,56.79208721832022,4.662591180466616,0,5,1,0,82.14443365100188,1
1.1347352124058907,67.0936083019343,51.69544070041029,5.7351246777756995,3,1,1,1,66.27594000400661,1
9.246936182785628,81.6310946566974,41.82541450093344,5.858841251934814,1,5,1,0,100.0,1
8.77339353380981,96.60140527550087,56.71705206823981,5.499741678385727,3,4,1,0,100.0,1
2.579416277151556,55.12548639953396,75.92395347922056,7.0900339582583385,1,3,1,0,81.37975063272147,1
6.59984046034179,96.86142436182256,91.60676501466655,7.213322889278036,0,3,1,1,100.0,1
8.172222002012159,84.39428611504067,87.91624652446785,6.141315851026661,1,3,1,0,100.0,1
5.5520081159946235,53.39185295525859,82.13356270944163,6.122734952418616,3,5,1,0,89.11641608592096,1
5.296505783560065,65.04817834734081,83.36460387893143,8.971333587436488,3,3,1,1,99.77685655329356,1
2.418522909004517,85.40860443226407,76.57416969117975,8.735757089918113,0,1,0,1,81.98497896591923,1
0.9310276780589921,53.36753007343859,54.31577716613016,5.846774990084474,3,3,1,0,63.113964929189855,1
8.972157579533267,79.10852300881366,89.89572668882064,9.482730663239556,1,4,1,0,100.0,1
9.004180571633304,67.29415284764784,76.89027715482086,9.716890102015036,0,1,1,0,100.0,1
6.33101457273268,81.04577588837385,70.82423470392419,5.960455252180245,1,3,1,1,100.0,1
3.390297910487007,52.28710169062564,46.10442080674146,6.12654969275833,3,3,1,0,71.52088624930553,1
3.492095746126609,93.57684030761882,64.5880549093534,7.033804920531753,0,2,1,0,84.65117922154428,1
7.259556788702394,98.67444845886985,65.31970491610595,9.646724875202041,1,5,1,0,100.0,1
8.971102599525771,98.44389276428458,87.55099852374684,9.25791659885387,3,1,1,0,100.0,1
8.870864242651173,87.48259158714623,70.06565211032836,4.615407775501539,3,2,1,1,100.0,1
7.798755458576238,56.5043120065316,60.922030193372535,6.356384459628497,2,4,1,0,94.07041733075773,1
6.420316461542877,87.91315979645113,93.72401806808627,7.320227138498631,3,5,0,0,100.0,1
0.8413996499504883,51.229345822940076,46.089632632947364,7.01879483530924,1,1,1,0,51.42893407507656,1
1.6162871409461377,51.106177576449866,63.240163557156954,5.163178407621356,0,3,1,0,77.79772066238503,1
8.985541885270793,66.18051095747705,42.31135713442729,9.152900627008929,2,1,1,0,100.0,1
6.0642905965958995,74.43215952023328,80.69472664218117,8.061644697981023,3,3,0,1,100.0,1
0.09197051616629648,88.52037089038966,90.49421037095328,9.02745024911082,3,5,1,1,99.47653734538713,1
1.014715428660321,84.16476883032526,55.40205312527692,9.152585676096834,3,3,1,1,77.61160681698446,1
6.635017691080558,72.29513531883742,87.20879222395165,8.490135121994438,1,4,1,1,100.0,1
0.05061583846218687,63.68133331408329,56.07200267540438,6.635263607498304,2,3,1,1,66.23580016805016,1
1.6080805141749865,99.85622500788556,90.09235889041534,7.663280530092547,1,4,0,0,99.47144375165234,1
5.487337893665861,71.30906511179865,81.46790469782312,4.962192436718459,2,5,1,1,100.0,1
6.918951976926932,72.56935121648377,84.26987272627912,8.041872504849447,0,5,1,1,100.0,1
6.519612595026006,58.181191059583455,40.990360558024996,5.075519534435685,1,1,1,1,74.95538467317927,1
2.242693094605598,89.74047743749647,92.95456963907142,8.163697543060941,1,4,0,0,92.69259949865389,1
7.121792213475358,84.68411128907442,79.96690456386779,5.377588964523812,0,4,1,0,100.0,1
2.3724908749680007,61.03848063943802,56.76131024623733,4.70530780090132,2,2,1,1,66.33070564806134,1
3.2539969815926773,54.11905228079213,85.61670656723658,4.991706940857744,3,2,1,1,90.38125107763149,1
7.464914051180242,84.02496510373565,55.483665912821145,4.011952811314422,0,2,0,1,94.97331011911184,1
6.496328990472147,82.72556071405677,88.00146117613704,8.31243770712118,3,3,1,0,100.0,1
8.49223410494178,63.662976349910466,46.19192147265654,8.394406294350276,3,2,1,0,100.0,1
6.576128923003433,97.54317811252051,78.70272876034377,7.089600099479557,0,4,1,0,100.0,1
5.683086033354716,57.55289458904501,69.73841621547007,4.968176806332302,2,3,1,1,88.01510975993604,1
0.9367476782809248,71.6167400521301,45.30939586074925,4.501326025064138,3,5,1,0,61.572628239556636,1
3.6771580305943354,97.18079600837994,53.30416055423615,4.114773798623722,0,1,1,0,85.27148103562686,1
2.6520236768172545,70.98636584630611,40.68222199525231,4.994489061791324,1,2,0,1,66.32373893743281,1
2.4398964337908358,81.92629738320429,65.78223810054783,9.34513320989888,1,5,1,0,94.31524715687313,1
9.730105547524456,69.87971989813971,56.569589341800025,5.449221050210091,1,4,0,1,100.0,1
3.930977246667604,63.7107601174335,72.90966163637674,6.125627963303294,0,1,1,0,81.58592204164115,1
8.920465551771134,99.19888239799141,56.34807942397394,4.632072906887999,1,5,1,1,100.0,1
6.311386259972629,70.46670031575215,56.49555113288416,5.334167828489022,3,1,1,0,82.92477603989583,1
7.948113035416484,94.70496018395673,80.87562593023819,7.1153474246812305,1,2,0,1,100.0,1
5.026370931051921,61.49773029455431,42.64785597880944,7.646516098573915,1,4,1,1,77.1179554811021,1
5.769038846263591,60.655235201254165,89.65922473555929,5.472113884997267,3,1,1,0,95.66291018539552,1
4.925176938188639,51.55670414422557,86.87451309151498,4.346392955350703,1,5,0,0,90.29663242875864,1
1.952429877980445,82.58334126879424,76.72925757745236,6.346197214764392,3,2,0,0,75.74140706758622,1
7.224521152615053,68.42631718618806,72.62718635590613,5.405220225558005,1,2,0,1,100.0,1
2.807723624408558,93.21791249198185,89.07663739768087,5.317323539378812,3,5,1,1,96.61972833643081,1
0.2431596643145384,73.66049533457786,50.19315987407929,9.759176816280732,1,5,1,0,73.19724233876521,1
6.454722959071678,98.40967139573608,44.34330392049557,7.697802915554345,3,1,1,1,97.72165389088008,1
1.7711067940704894,59.27627578515606,53.1730593450246,7.341270659032576,0,3,0,0,55.196024716619036,1
9.404585843529143,93.43115839778054,83.70180532851046,6.4946506211399315,3,2,1,1,100.0,1
9.539285770025874,88.82984263958708,41.90686466995658,6.573666000580865,1,1,1,1,100.0,1
9.148643902204485,88.5460922322026,72.05437592959193,7.245430023028485,1,5,1,0,100.0,1
3.7015870025544437,92.23916140584438,94.74906339052205,8.178578842216643,2,1,1,0,97.80081420457546,1
0.15456616528867428,88.05119954714993,87.06328516106467,8.212876577090977,3,5,0,0,90.78910869154447,1
9.283185625877254,81.31101608157077,68.67951289739742,5.030163446232697,0,4,0,0,100.0,1
4.281841483173143,56.56224388411938,43.50025001076533,7.000676512459762,3,5,0,0,69.65027857923961,1
9.666548190436696,51.6263089745626,85.72554329121404,6.471748570204612,3,5,1,0,100.0,1
9.636199770892528,96.04239239078434,72.94381794974657,9.223161797616305,0,5,0,0,100.0,1
8.530094554673601,80.8325157260369,46.32131483827617,7.788513527310259,3,3,1,0,100.0,1
2.944488920695857,89.82686454880881,45.16215066528459,7.195024398495891,0,5,1,0,81.35075414478494,1
3.8509772860192526,74.0761175756275,90.02947506901259,4.692367853073504,0,2,1,0,88.72285514693236,1
8.511366715168569,55.86540944811972,76.80601446159432,7.6338273359404685,3,2,1,0,100.0,1
3.1692200515627764,56.259289610127524,85.61077396242155,4.7032234340814005,3,1,1,1,85.85554948003674,1
1.6949274668609249,84.27826436144858,88.3438395155247,6.023239453394512,1,3,1,1,89.59901015506104,1
5.568012624583502,71.51529474497313,71.44747936265773,4.857051788885991,1,1,0,0,92.7128006430018,1
9.36154774160781,60.02623633501683,68.45954934652727,8.152441882146213,2,2,1,0,99.12369060084532,1
6.96029796674973,74.57972733707184,63.67350756765446,5.237512683016916,2,2,1,1,100.0,1
5.700611700893649,53.21044685375671,57.43206232851156,6.351156239128156,3,4,1,1,91.65614175006797,1
0.9717649377076854,79.09857009571994,63.902777847229146,9.374048665712671,0,5,1,0,73.95503567988068,1
6.150072266991698,63.449670221754886,82.56338106515861,5.225898300393822,2,2,1,0,93.24217698605656,1
9.900538501042632,89.87795503185941,73.10578870583224,7.046830383752675,3,1,1,0,100.0,1
1.4008401523652403,65.51809794617868,89.08878094751654,6.515629966996132,2,1,1,0,77.69583107637582,1
5.183296523637368,72.76100745409006,64.38590079085532,4.108744246274378,0,5,1,0,84.26447807083173,1
8.773730719279554,50.58102699540503,73.38992682953148,8.756548681436877,3,5,0,0,100.0,1
7.407686177542044,53.62234438972794,74.72191542005939,4.414275437887598,0,4,1,1,89.08053554709178,1
6.97015740995268,69.62467782033424,72.54334392684791,6.845530125861721,3,3,1,0,99.36606669090222,1
7.024840839871093,73.99694173585618,78.64485751970341,7.3640697696337,2,1,1,0,100.0,1
3.5949115121975517,80.00102740596519,53.058840760614345,7.770558739687522,1,5,1,0,83.98177217938353,1
2.9359184426449336,64.58312893546517,68.18000776501849,8.131789775847253,2,1,1,0,87.93215193297337,1
8.093611554785136,84.74909430632712,45.73236415445912,5.519634301136291,2,5,0,0,95.18270614401136,1
8.101133946791808,93.00611985946023,61.148123020464695,4.059872659950696,1,2,1,0,96.56938084979207,1
8.670723185801037,88.99254944466749,66.82168877416954,8.340661974129471,1,1,1,1,100.0,1
9.132405525564714,51.980941267417855,75.87233427500098,7.2139395960854715,3,2,1,0,100.0,1
5.113423988609378,74.02534736289145,92.2792078922412,9.016706219243492,3,1,0,1,100.0,1
5.015162946871996,55.246508920908745,73.03580866015957,8.928330177404167,0,3,1,1,95.21223167949316,1
7.9829517896677515,62.10225079312637,80.8976653897108,9.059957006727299,0,4,1,0,100.0,1
6.4996393077776515,99.33312966335733,67.84463327223615,6.910567959877241,2,2,1,0,100.0,1
7.019668772577034,57.12477714507566,74.87572172569821,6.001770375021194,1,5,1,0,96.98393757305823,1
7.95792669436101,74.9444076725678,43.90127188735754,8.74934921554822,0,3,0,1,100.0,1
8.900053418175663,80.90778671590596,53.991536946301586,6.707764678175529,2,1,1,1,100.0,1
3.379951568515358,85.12324852720519,59.90192012628263,5.1006531784206075,1,2,1,1,84.375011362803,1
3.75582952639944,77.98243417434571,65.98713452535824,9.129844117368846,3,1,1,0,94.62576523095058,1
0.93981939840869,50.48854237095918,42.5106810026311,9.295359260634083,2,1,1,1,63.86657865787903,1
5.78280140996174,66.3230654121996,47.701325365432474,6.797858536841021,3,1,0,0,69.45325263875624,1
0.35942273796742086,75.88558216923558,55.224786928521816,4.454198363858724,0,4,1,0,60.84620893114753,1
4.655980181324601,54.39332495724167,93.43429799955778,6.326956539501587,0,4,1,0,95.54579913079067,1
5.426446347075766,67.53134656045904,58.224085390667796,8.82122595677562,1,5,1,0,84.33616643672873,1
2.865412521282844,51.66015543956833,66.51225819616454,9.410644171277372,2,2,1,1,85.0435432372869,1
5.9083326056901075,53.928924857751035,50.785374200611614,5.220836454985575,3,3,1,0,84.7960973092254,1
0.3050024993904943,69.8461638100798,73.59290390916726,4.40184167215163,1,3,1,0,72.46533437978688,1
0.37348188749214417,56.63578770215302,55.43757685337859,9.264102718797032,0,3,0,0,53.00370219657522,1
8.226005606596583,78.3770424130779,51.38459181411347,6.3364296338732515,0,1,1,1,100.0,1
3.601906414112629,84.47324845686329,68.41149456452885,7.25056578560538,2,4,1,1,96.41387140610797,1
1.2706051265188478,90.02933495545415,40.30281895382315,9.808394872304554,3,2,1,0,81.44797650452722,1
5.222432600548044,60.007512212240506,40.42152179570739,4.399388367485337,2,1,1,0,85.38132481447033,1
7.699935530986108,58.37412911295349,52.04878450060218,7.889908044712573,3,4,1,0,100.0,1
2.1582102749684315,55.228392016720015,42.01967493754516,4.444632535449203,3,4,1,1,70.82448625047219,1
6.228904758190002,81.82151247718184,45.94141647718803,6.2528135707990025,2,2,1,0,100.0,1
0.85347464993768,85.32378632434506,58.63733571363134,8.822887271160681,1,2,1,0,74.49756104120836,1
0.516817211686077,51.5793072412821,84.14221237688972,6.600833396533806,2,2,1,0,64.83762608395534,1
5.31354631568148,96.81061231218449,71.46267538531154,9.983094123417702,2,1,0,0,98.82255868168998,1
5.406351216101065,52.59856418257362,68.1967249276029,7.354355709679613,0,5,1,1,95.52042748135858,1
6.374299014982066,77.06481676505352,56.141885276446686,5.926972915815721,0,2,0,0,88.50268298459322,1
7.260913337226615,85.45302597254582,91.2464545688049,5.320667955428519,2,5,1,0,100.0,1
9.758520794625346,93.54845618730428,61.83582726804554,6.103123205716971,2,1,1,0,100.0,1
5.163003483011953,85.70434660662139,44.79010217376743,6.235199642557305,0,5,1,0,83.1365508650667,1
3.2295647294124596,90.08640415348958,73.93865838647906,4.412282066343765,3,3,1,1,97.60188242988805,1
7.9518619476870365,66.97250962714031,46.26111164121308,6.217445196560639,2,5,1,0,99.65332329449136,1
2.708322512620742,90.7412556873256,58.987272854093064,6.7854311184353495,1,2,0,1,81.85378011727471,1
4.389714207056361,54.00574231923376,67.90765662947949,8.336426513432828,1,1,1,1,80.4500674278467,1
0.7845638134226596,94.74083280302638,88.08223885768467,7.940376908329648,1,2,1,0,93.39884954947586,1
0.2535074341545751,77.37961880768681,67.14506191870653,8.252593931374925,2,3,1,0,67.25551627191896,1
9.626484146779251,90.86488849812469,78.62423213174154,4.050182091261142,3,2,1,0,100.0,1
8.359801205122059,72.615914225915,94.60492614494888,5.306004397483216,3,2,1,1,100.0,1
6.95974206093698,82.17888475982625,47.23190159438899,7.970105730399139,0,2,1,0,96.8310537357575,1
4.089529444142698,76.32013304680567,55.11023390357357,6.903936209078482,2,4,1,0,82.40557296039286,1
1.7329432007084578,86.5794760877666,61.70168415787055,4.031880854010076,3,3,1,0,76.07774692703234,1
1.5643704267108605,54.08149910152948,63.200549819635725,8.826967854590933,2,2,0,1,71.41191079042635,1
2.502428981645953,53.01760419952819,62.60615913960501,8.636857439742023,0,2,0,0,63.19091545779011,1
5.4922666470612045,62.355161700507324,89.91860514061052,7.290514977961376,0,2,1,0,95.26410071920097,1
7.145959227000623,57.97723400565942,79.2717954456771,4.398779954657632,0,1,1,0,98.93268812741667,1
6.601973767177313,93.58917832961009,73.43478677498871,8.599090297195508,1,4,1,0,100.0,1
2.7993389694594284,60.960699367902215,57.015499482453016,7.502281526388184,2,1,0,1,69.90811425652966,1
9.54865280663194,98.79326279095656,85.3084711321712,8.691759862947755,0,4,1,0,100.0,1
7.378969166957685,66.84478958855534,92.52832813167439,8.510481954375042,2,2,1,1,100.0,1
5.543540525114007,59.10589578443496,85.16590554026246,8.818012431747022,1,3,1,1,100.0,1
6.117207462343522,89.48492535712396,40.08608078553101,7.108048398427749,1,5,1,0,95.29857450221228,1
4.196000624277899,82.9353887750438,75.00207536008739,4.84194710916109,0,5,0,1,92.24240163139882,1
2.4773098950115746,74.90978582265694,42.81244597931554,8.026944840278132,0,2,1,0,67.89255885800566,1
3.559726786512616,77.76817754688156,54.168397118354704,7.722842710311824,3,1,1,0,82.77623413064731,1
7.578461104643691,85.96008891361319,43.273858519127444,8.453519123194523,2,3,0,1,100.0,1
0.14393488629755868,61.422737066564935,73.20874991221632,5.019286036304412,0,4,0,0,63.89773662404828,1
1.1607264050691624,99.8166958028371,77.76244524209338,5.1698511994017355,3,2,0,1,85.86546018911807,1
0.4600264202175275,98.73965810733915,46.29682009362478,9.34245710331597,2,3,0,0,78.15353486498468,1
0.40728802318970136,82.51628431734684,61.11113856747387,8.499866790712424,0,3,1,1,86.44007620899613,1
8.554605840110073,59.97712254645725,65.09300799255482,9.449370932201937,3,4,1,0,100.0,1
7.036578593800237,84.01141212156458,60.29791619685041,8.552291926983525,3,3,0,0,100.0,1
4.741738290873252,53.60992044895879,46.656375026685616,7.582931835941811,2,1,0,0,73.80577820400792,1
0.9783416065100148,51.532625110290304,63.04212846031115,7.924796422167242,3,1,1,1,64.58376642368908,1
4.916158751168323,62.884144425560685,81.314792629463,9.334767543640059,2,1,1,1,99.11612314940601,1
4.734717707805657,73.13114783696582,43.90542154932905,7.472840527071643,2,3,1,0,77.61852825368975,1
1.7320186991001518,93.41362527041903,44.40990077450469,7.794347945970324,2,1,1,1,78.98523415824431,1
4.33851649237973,86.3584534883154,59.51242105097913,4.938860296021604,1,4,1,0,82.53066449793525,1
3.9850473439737346,87.13532605999904,91.79491413904088,6.843527320696616,3,3,1,0,100.0,1
6.158500980522165,71.27466672240377,76.77149556976028,8.298382671748595,2,5,0,1,96.90245733545802,1
6.350936508676438,67.29674962734815,77.32684761699107,5.6256561898981925,0,3,1,1,93.08353720218433,1
0.4530400977204452,68.55193814923014,59.90559949608257,5.21352508314721,1,4,1,1,70.59710079740096,1
3.746126146264712,99.3824781868029,72.65134351646961,5.882960849346493,1,5,1,1,95.94817114844356,1
6.258599157142363,52.005459570624126,40.557215121525886,5.4490037679570005,3,3,1,0,85.34589456741452,1
5.031362585800877,93.35157480612243,74.98528255252482,5.289475822218375,2,1,1,1,95.71864264354609,1
8.564898411883222,78.93377042861967,90.23078211669302,6.549105057208521,3,2,1,0,100.0,1
6.58693631618945,71.93077095947953,73.69154075896506,9.447031083301205,1,2,1,0,96.22412016938506,1
1.629344270814297,86.26288302075682,88.05342264064898,7.042357880432309,2,1,0,0,84.31046151283738,1
0.7056874740042984,74.33344707123514,79.81851805063516,5.127522284891938,0,2,0,0,58.88212507103858,1
6.424192782063156,93.67116190408302,46.630712902202966,4.461830016285244,2,2,1,0,88.75078239278479,1
0.26511310541621813,95.03509320056293,89.63493190072128,8.176936870827552,1,1,1,0,77.63876751338476,1
5.8577558127346325,71.08604634367276,43.65441143956762,6.296792586618327,0,1,1,0,81.61979361672162,1
9.402302414249576,63.841389861752575,69.36821099012701,8.930985679512155,2,3,1,0,100.0,1
5.75474177875879,79.61751642966811,47.81754180864017,7.957064611844621,0,3,0,0,76.7942069179072,1
3.881699262065219,95.61816728083454,40.64386359019972,8.777448703248211,0,1,0,0,73.4276770604172,1
6.432882184423532,60.53310945028333,63.21188430702014,5.6316762365106925,1,4,1,0,86.28907865799762,1
4.582528904915167,81.14832917817414,56.22723892097859,8.154153534766348,0,2,1,1,92.99304460502425,1
5.45616789315935,81.57801100462603,66.73002715886817,5.584371908162312,3,3,1,1,100.0,1
9.41464808776525,86.65565112076405,71.74599377040029,9.63441087670175,1,2,1,1,100.0,1
3.8610263780077423,56.57838425636299,42.405648976992104,7.818245689200246,3,5,1,0,81.32580326768829,1
9.611905638239142,85.79124823410443,46.76518123180601,5.947070801052052,0,1,1,1,100.0,1
9.053506419560637,95.45162603328205,70.72533180477339,5.617071173753636,3,4,0,0,100.0,1
1.9579113478929644,58.984155443512094,58.8742044244962,5.145559510429861,2,5,1,0,70.89147202619107,1
0.6936130087516545,61.87716624619388,80.10454181521965,8.167845753362368,0,5,1,0,83.11067086114068,1
1.0077800137742665,98.56975470208198,75.87604067255668,5.312293677987563,2,5,1,1,85.31185652006211,1
0.18221825651549728,59.04884763547449,86.50823996444487,7.571819595564934,3,1,1,0,76.89786455863448,1
0.944429607559284,92.71925466847895,78.0871054668074,5.587810161552144,2,3,1,0,75.64840197429791,1
6.830067734163569,74.61389282240174,63.64620925645815,7.971813668763211,0,1,1,0,86.44116483135201,1
0.7118864846022899,62.36155372015885,77.01316423169378,8.889638371243235,2,3,0,1,77.02710427702313,1
3.189756302937613,93.53749506362557,55.145964584048016,8.668151458867918,3,5,1,1,96.48396692151626,1
8.448753109694545,72.26526275013327,56.84724243280169,8.56510798558469,3,5,0,0,92.05440278214147,1
0.23271935735825866,75.74086769648451,83.39418379564364,5.126334434153512,3,4,1,0,84.07675370317668,1
8.144684825889358,67.96166846998828,64.55307340208702,4.530309681907112,0,3,0,0,82.10161261446768,1
2.8185477477339993,79.64754257174637,83.91091872850939,8.193692970924314,3,5,1,1,100.0,1
1.1816482762165625,58.17619362925114,85.23323055175531,6.210083282766108,0,2,1,0,76.95374474979785,1
6.967371653641506,69.55407683258804,87.16592857137061,6.594077358420083,2,4,1,1,100.0,1
6.28942846779884,98.47061611676438,90.4149379712664,4.186894556760347,3,1,1,0,100.0,1
8.77472013527053,62.90667163505638,63.7041871282313,5.557458695650295,2,4,0,1,98.34412196722172,1
7.350710438038858,82.8368332270646,57.537675007662635,4.202058423246784,1,2,1,0,100.0,1
8.034809303848485,66.25950321123474,72.02093106267625,9.275114635607487,2,3,1,0,100.0,1
2.820345725713065,88.67365628433004,60.414483289069516,5.460380099311183,1,1,1,0,74.06694063791664,1
1.7743954377972282,56.54368303591749,73.05907917401282,7.344023017438048,2,1,0,0,65.40565638034752,1
7.506147516408584,98.49105225392724,78.80722244541036,4.2338759239667825,0,3,1,0,100.0,1
8.06834739267264,72.68947706918196,77.86227601706753,8.001084347833949,2,4,1,1,100.0,1
9.905051420006734,61.8025231673232,60.60040878610667,5.938164074524563,0,5,0,0,100.0,1
4.126176769114265,53.67483736650063,49.177311093431406,9.387515121745995,0,4,1,1,76.77611634074827,1
3.720180857927832,58.48789525437704,63.679113615421414,9.328709133604214,3,2,1,1,85.75537746567076,1
7.764129607419968,75.98869742780089,47.84267792450498,5.951743710170486,0,5,1,0,97.72075118078958,1
3.4080354025301784,66.85015882156432,88.95533693510946,9.405765374142806,1,4,1,1,90.84818947557588,1
9.307573256035647,91.44416829413046,59.023260340582155,9.976946040992672,3,3,1,1,100.0,1
8.584127518430119,71.5443761830903,48.49528609728281,8.952493984743688,3,2,1,0,93.85328881297266,1
4.289940273750183,62.435713629381496,41.3996267948163,9.069228086531375,2,2,1,1,81.02043210921896,1
7.508710677914974,80.8572493302015,75.52023124575663,5.494052416654539,0,2,1,0,91.15030120725655,1
7.545428740846823,85.33886084427229,75.02962746001089,7.460214393146538,0,5,1,0,100.0,1
1.031238688359326,58.35209539504749,58.73322916197104,4.403535483804207,1,1,1,1,55.850549982524655,1
9.025529066795666,58.380960814415886,43.9441538866208,4.569507620930018,2,5,1,0,86.82734691786236,1
5.052523724478571,51.83357134667715,62.529589219237764,9.993355672199744,2,4,1,0,86.47222417898341,1
8.264574661077416,86.82010075328202,57.11696222848664,5.959835496555465,3,1,1,0,100.0,1
3.2004960103061175,83.19022638109026,77.24163518542551,8.489103472293078,3,4,1,1,100.0,1
8.955232284962005,73.7315437874907,73.31785871989797,8.839990318160899,3,1,1,1,100.0,1
3.892016787341631,92.20852244845986,60.0526550508647,9.148139626043374,1,5,0,0,82.95983551095051,1
0.1083765148029836,90.28350764750266,51.984090484024456,9.98576978441294,1,2,1,1,71.371304679541,1
9.053819764192637,79.2677182198376,94.34197813855755,5.448978911541207,3,3,1,1,100.0,1
0.9128667678613356,93.41356402566294,64.97008916578632,4.242104961158198,2,2,0,0,65.51576054293491,1
3.1931363759041487,60.292060501838414,77.85508296791303,6.467149107967516,1,5,1,0,79.20491774033044,1
9.50061967050805,55.5959809698864,47.73041321680984,4.780484018973682,2,1,1,1,100.0,1
9.506071469375561,63.48748057584948,66.70743348126688,4.1345553349723305,2,2,1,1,100.0,1
5.734378881232861,52.854342804465745,41.514519592820605,6.162560962848916,0,5,1,1,86.42688893592825,1
6.318372121697992,76.5584764000516,67.80003148507475,8.702429506451418,3,4,1,0,100.0,1
4.4844552197831975,96.83028461474808,93.02095739147363,7.397084147350425,0,3,0,0,99.30583856821352,1
2.9321077169806453,51.967177033425486,61.13136921421901,5.876667935262124,3,2,1,0,78.86734635538393,1
3.2866454536991596,56.105495700501336,42.144780691620134,7.926052032956318,3,1,0,0,64.76652358431326,1
6.725184560770384,72.60995141417176,41.70256850056389,5.3921090818528645,2,4,0,0,90.81314023379957,1
7.5237452943768,96.69375087639524,61.33927179707782,4.08628867643251,3,5,0,1,100.0,1
7.915790437258485,65.80780524883752,48.80137150547567,8.586120318618564,2,3,1,0,91.48914613475239,1
7.896181427945539,75.36174043441963,41.284365298050226,7.742458509184054,2,1,1,1,97.36444882459165,1
0.9120610304869037,52.0786429525196,81.59174876725973,8.57381574700576,3,5,0,0,81.06006588763292,1
4.944203047025814,57.41716004810444,65.21876548850399,4.233628100125994,2,5,0,0,85.48900259753472,1
0.5755876001664428,99.33150614794235,55.908462458496,9.022717766983913,2,2,1,0,75.37897785680666,1
5.495288823237355,98.25593482180227,89.50457506590644,7.7171572002178195,2,2,0,0,96.80942687287524,1
4.41530501373377,50.24699904672048,46.38764281102891,7.380372104275841,1,1,0,0,56.874518518312094,1
8.877041827582998,97.59058927116195,92.57553559254256,7.747684288687189,2,5,0,1,100.0,1
3.5091501255207866,81.95599689077503,57.2681694557544,9.186599481210184,1,2,1,1,84.75695075799727,1
1.1706701642760586,93.39591472600111,88.86220197697747,7.521619039353443,1,3,1,0,85.47202442659048,1
1.4299168205283586,72.73699278169295,73.16185820637038,7.485702279329076,2,3,1,0,70.62625253915841,1
7.615106317174723,75.77980142896251,85.4689047857818,9.944074942394595,2,5,1,1,100.0,1
6.182180633162611,74.44232901284602,94.12072397657553,8.540381002411408,1,2,1,0,99.73041296050675,1
1.0112267612279024,83.34321287730522,55.862299080031015,6.6537628327068115,1,1,1,0,59.53012410964266,1
0.8410680611499743,56.98256273781564,92.86245169741761,8.244382000197566,2,1,1,0,76.85899294515343,1
7.009691314591199,51.4986794936339,61.42150421963312,6.335382830150731,2,1,1,1,97.53380144775083,1
0.7276300636419353,65.39649707955954,61.20315476053072,5.373252774900994,3,3,1,0,77.5967227434159,1
8.218600592903563,85.23403813683234,58.72129073399781,7.581111261326557,1,2,0,0,100.0,1
7.062422271564962,60.09267260614742,69.77741840411718,9.56909258868371,1,2,1,1,100.0,1
0.8134878064189976,83.67162166624587,48.47797737481679,9.574837120092777,3,3,1,0,67.08289386416449,1
0.8483771408519192,98.49560230536352,70.45413169469062,6.051431668632942,1,1,1,0,86.10844480898346,1
9.866395785011754,54.69503578947092,69.79376468255022,7.16606479733017,0,1,1,0,92.51665314643301,1
3.742707957561203,83.63010591125632,81.90459969326784,5.269815391419167,1,5,1,1,95.99763965997406,1
3.706421470668909,72.18751096522855,85.85074790656721,9.973786656993301,3,4,0,0,99.44725565649136,1
8.127995672575025,93.40711271887527,64.22427426718332,9.886707447207614,0,2,1,1,100.0,1
9.472485773838587,58.857489472369295,56.628328714332156,7.897053578244684,2,2,1,1,100.0,1
9.860010638228708,84.63129761130823,54.263419352440195,8.82648435806484,3,2,1,0,100.0,1
7.533781852589416,91.90576448240552,50.70431101876795,8.2906009677022,3,4,1,1,100.0,1
3.762595855309158,97.23071097370116,43.170617020946366,7.558949314236809,2,5,1,0,94.04779490982766,1
0.8350071669866876,84.16240141448229,58.83463883590923,4.320087981933386,3,4,1,0,72.8083391199076,1
7.771469159274368,74.85873820042136,54.863623067193075,6.728586055315967,1,1,1,0,91.63366544894737,1
5.58404249735805,80.8923620100607,93.1529562226524,8.048717813004464,2,1,0,0,87.39392186990476,1
4.242220092469763,93.44524922393592,70.67398544375241,8.065189683302108,3,2,1,0,99.4051630049511,1
9.06354385094736,78.53048733194149,59.10023714667791,6.238735710534302,2,3,1,0,100.0,1
1.1119748230615134,51.519352984841845,71.92571805465329,9.650151919948183,2,2,1,0,62.31006328597744,1
4.926251042908591,96.54743477534889,47.65581857401325,5.004142193420686,2,3,1,1,92.36479638879085,1
0.11353644767419069,84.47633755157806,64.42240620612117,7.002156677293364,0,4,1,0,69.990406726868,1
4.6866064199412625,83.82566928886233,74.44288767815851,8.145303859304937,3,1,1,1,100.0,1
0.5630327568183735,60.78375761988586,66.88938074858483,8.182814835350856,0,3,1,0,61.22006250227603,1
1.1881791626807192,82.94427351163286,62.09783403598783,7.891833740612894,3,4,1,0,75.16262058325972,1
1.1752624677710488,69.69322028270793,94.6616613894834,5.6517292807111605,1,1,1,0,75.06090039008704,1
6.492103021160636,82.5616488520746,88.41731191819099,4.937239412119732,1,3,1,0,100.0,1
7.460448792654233,55.32965151539953,74.2873276987692,7.815641960960265,1,2,0,0,99.48384366508726,1
5.833687650971596,82.89226523015179,71.31575486502555,7.595812696836626,3,2,1,1,100.0,1
9.621725484745419,99.97068628853333,74.13632639035212,5.076136061735446,2,2,1,1,100.0,1
3.748705795237041,52.4106019430278,51.07216593023383,8.23083487342338,2,4,1,1,69.05476884741582,1
2.8571208628186073,98.85870921106587,61.73257587953752,6.731031950401938,0,2,0,0,82.24319636876847,1
8.685991281894603,70.34539803614354,42.17027430899946,8.006563549618917,0,5,1,1,96.57273534844202,1
2.235958385194526,93.53767251686295,66.15503206177547,9.024202478620904,1,1,1,0,90.74929275946883,1
9.632225394406113,89.11927420291367,69.86635211767148,5.0183705714615385,0,4,1,0,100.0,1
0.12154474689816341,78.3508130493334,52.52623548567653,4.11486920798102,3,2,1,1,62.73672169352136,1
9.69878826707639,86.92246046256633,93.02158659410325,8.67461551837472,3,1,1,1,100.0,1
0.43159911950576113,93.92577806506739,90.02000360154831,7.658184550915696,0,3,1,0,86.11252303291947,1
8.911431136980712,70.20701608255165,79.71787795007482,8.19783741773273,0,2,0,0,100.0,1
5.277011090862999,66.35165807816193,69.33626458209494,9.028929849931856,0,1,1,0,88.57828915720344,1
9.929647961193004,83.37966927817924,87.84830378062267,8.816865608947003,0,5,1,1,100.0,1
0.7379656473539886,90.39229709706294,47.18587891029046,9.765520881572948,1,3,0,0,69.49708444450572,1
5.538542844013207,88.11425673883079,83.47803868511868,7.21561047311271,1,5,1,1,100.0,1
9.69302535619099,89.89068244293173,46.865144768176656,6.930973795959432,0,1,1,0,100.0,1
5.230978441701488,71.77916574064665,83.6815864402173,6.41132319934438,3,5,1,0,100.0,1
6.293986381352625,90.89171080875107,55.167216253824634,4.9221462570652275,1,1,1,0,83.93647157262612,1
6.957486889846171,56.01045276853042,88.23998195600039,7.435643397292134,3,1,1,0,98.63029151630859,1
4.545410647677732,77.22445489804248,91.92231516039688,5.662075145955873,2,5,0,0,98.82137878507123,1
6.275580800840634,50.28793302490608,48.18377831728136,9.527845073277852,3,1,0,1,81.25229872276049,1
5.843143119231002,66.22929149501351,65.44715827859665,7.499144825662586,0,2,1,1,83.32374991614103,1
9.01158010490989,68.32307674356989,93.95430579894767,7.557041083048661,2,1,1,1,100.0,1
0.4544638034145787,69.80863458046277,66.58740897852306,6.12954796526206,1,4,1,1,61.834157309096874,1
2.809631895922303,84.7733603344931,87.49511373829998,4.311936111866245,1,1,1,1,87.73580697393609,1
9.504114840765588,69.42790506351729,72.3802337172226,4.190462592237932,2,4,1,0,100.0,1
8.902637838909163,72.43468113112652,60.64314493557811,6.540010864919185,3,1,1,1,100.0,1
4.55656752785713,61.87720654371637,55.718095553922865,4.507392268583427,1,1,1,0,71.3275779524465,1
6.201325978015367,68.662589581467,51.1772700097348,7.641081733240835,0,5,1,0,83.15775197661739,1
2.7738118298113266,61.363481363157575,81.89890052577334,9.285838033837944,2,2,1,0,86.5131025597528,1
1.881211597237613,53.659796188422185,61.259727875266535,9.297488899112333,0,2,1,0,61.28229668080297,1
4.636984049399821,80.17242966906889,68.12015042104132,7.954272460793394,2,3,1,0,94.54100717597979,1
3.533522280260528,83.41063992775082,67.077901400065,5.267390988837586,1,5,0,1,89.28066022730252,1
5.836561118508721,80.97451730048073,71.75034660782222,9.177980988153232,3,5,1,0,100.0,1
0.7773463696498484,73.17470219002863,87.60674300935037,9.316560611879249,2,2,1,0,78.47144546253107,1
9.743948076661665,68.98928900896149,93.94066389708863,5.179921509717753,2,5,0,0,100.0,1
9.86210744479603,93.16668247859127,62.41713147155993,8.424556514624063,0,2,1,0,100.0,1
6.981617140197452,75.9540892568109,85.51354071584666,5.7191172935627375,1,5,0,0,100.0,1
5.360963663441204,73.95909388148655,82.04902870600947,8.815841874117577,0,1,1,0,95.53203924658528,1
3.0952761628632777,51.282103290321785,71.54409233005653,9.983427399421616,1,2,1,0,74.0388153116883,1
8.137950197069486,67.06239138130782,92.58259289865632,4.180156031976357,0,2,1,0,100.0,1
6.847311725538793,69.00978093929285,51.02609835406216,9.38419519474559,2,4,0,1,100.0,1
1.626169393448913,69.94113904484502,46.00953156702918,7.735783201591948,0,5,1,1,67.64995242048407,1
9.109271844938425,79.00861846136661,86.96790818254823,9.840295714988926,3,5,1,0,100.0,1
8.22537242923169,76.68012733634393,64.15323991485616,6.790057105158565,1,2,1,0,99.54705437582969,1
9.49799913291924,80.39525463967223,86.58328698138833,9.084327583428243,1,1,1,0,100.0,1
7.2571950838836,88.2441630771064,89.11996128574782,4.374364411589664,2,1,0,1,100.0,1
6.134151959357899,90.64928693580467,43.43516764904893,6.011674300469775,1,1,1,0,86.0689070013063,1
4.182430362906189,85.90615381132471,88.59056196423333,4.40209922650726,3,5,1,0,100.0,1
9.327284833540133,97.77618479774674,64.65754804531822,9.852058800874424,0,4,1,1,100.0,1
8.660638895004084,50.91162913381808,68.07378689523277,8.90184344363102,2,2,0,0,100.0,1
0.45218670106189407,59.788899284177305,74.46258811012656,9.115284527475822,3,3,0,0,66.60386975279836,1
0.26366974497252005,50.37814374890711,90.95104337015476,9.627791388603365,1,4,0,0,75.4385279874499,1
3.7646336687804958,82.37373570773015,41.051385193637024,4.510620916718712,1,3,1,1,81.31262893079901,1
8.105533307818328,94.90152744749935,66.22639075747995,6.31358555508,3,4,1,1,100.0,1
9.872761293149445,62.174114828814965,77.82471233368084,4.426209334264013,0,1,1,1,100.0,1
1.5041689110352818,96.35172723981533,79.74888267340256,5.264758609300172,0,5,1,0,77.11098118972976,1
5.941307153521351,53.01336951447804,78.08928373454094,5.376194662226034,2,3,1,0,95.17515329557854,1
3.8089085663102153,96.72180134027572,47.3939321174467,6.814643266285472,1,4,1,1,92.61688606421981,1
9.699143978146033,67.58113436198173,56.46675736044247,5.611373004721855,3,5,1,1,100.0,1
8.421189231357086,55.07104142246082,59.72935389793574,4.605868640906566,0,3,0,0,87.19145535703558,1
8.383287047111379,74.29358795931628,84.24404642237278,5.004946534564646,2,2,1,1,100.0,1
4.686931597949703,62.8388283860254,55.331792982800415,4.883653381312546,1,4,1,0,83.87461746240305,1
4.148195023376652,64.24364509809614,51.58877301269617,9.838460787473789,1,2,0,0,71.61217564189734,1
2.7340707193070624,65.36449824631433,92.65964104709529,8.555755041510842,2,1,1,1,88.21360447283872,1
0.5637549665092711,90.15129489163317,40.48748068124079,9.806568791617373,2,2,1,0,63.930734633838014,1
8.647223762550531,76.95806383376272,94.8801470625088,6.638442919047451,0,2,1,1,100.0,1
8.129010091300776,65.56538495780018,77.22517143715676,5.670210889975939,3,4,1,0,100.0,1
9.997176732861305,80.51668916554593,85.56581146970143,8.78975918325512,1,1,1,0,100.0,1
9.966368370739055,85.80753371115968,56.204066799040625,5.957523508246881,3,2,1,1,100.0,1
5.5543170560262745,63.63120003667669,40.7873402716883,5.79630024223209,1,5,1,1,84.3725500050036,1
7.689874151805105,70.67745507626758,80.58282352088415,5.395035953246987,1,3,1,0,100.0,1
9.44765729882428,56.09430466684738,85.87795283503718,4.778073869345413,3,2,1,0,100.0,1
8.496473906774115,59.05746747673402,80.72618725744356,5.538778366100596,2,1,1,1,100.0,1
2.4734810174319763,84.05589269824914,47.856765801546125,6.131918490843326,0,2,1,0,70.27622034525106,1
4.505441353100935,59.071917384781344,81.4385357241333,8.043965248874382,1,3,1,1,95.35454553270823,1
1.2915941515149498,76.258169183353,82.29075301592025,4.3753890533167095,2,1,1,1,84.24632589871166,1
9.540510272587223,85.45231308612163,76.21972836185302,5.263041637992058,1,4,0,0,100.0,1
6.0617463445088005,55.34384615473719,82.13637630375723,8.854141841750058,0,1,0,0,85.4034721069317,1
2.2864280550346274,78.36561098144517,86.52567918227527,4.881531541502625,1,4,0,0,86.57264175362154,1
6.7170068440585675,62.82813918506819,73.7482262830602,6.05587087913513,0,1,1,1,89.94227728350442,1
6.181282404578958,98.146343761879,44.87325926833235,9.18795353114884,0,3,1,0,100.0,1
3.5816271803284048,74.17728233599624,66.8195295316966,4.929551866860656,1,3,1,0,76.58226079949647,1
1.1355759219962902,90.2996274887579,44.27071340693828,4.496421013709139,1,1,1,0,65.25712332362075,1
6.715731955927996,77.51132710781309,62.4148667067837,6.907227970480065,0,2,1,0,87.29261048758612,1
5.2030770090379335,52.170626642740956,62.390856901909515,5.814517067671218,2,3,1,0,81.73834334472826,1
7.723183917356393,81.65756877970111,43.63054142771329,7.380450186903125,3,4,0,0,100.0,1
5.201635011119934,97.57016711033285,59.18512936832136,8.822829342900851,0,4,1,1,96.85133388201876,1
8.5218150031854,80.08059100731656,46.104895433522316,4.822890928916459,1,5,1,1,100.0,1
5.519068387744856,90.95944297133951,84.45293655050722,7.48419450732571,1,4,1,1,100.0,1
5.609379715353863,94.2103231674204,92.12284142804589,7.033052562339184,2,5,1,0,100.0,1
8.76653602658345,61.40398859744663,43.97740613918663,4.864472716079197,3,1,1,0,93.81366128134722,1
4.034828662123971,60.60224199541133,92.53133640104357,7.743990913173894,0,1,0,1,91.42792556238922,1
1.3401522845064073,80.54904944254959,68.74171296352098,5.64184250716463,0,1,0,0,58.83172772133413,1
0.28782676313338973,70.55142349033524,56.47611228746307,6.927005911264075,3,2,0,1,64.99923552481272,1
7.55137255673619,91.99306514333603,44.22741414018899,4.4936339456623715,0,2,1,1,100.0,1
6.203095513534647,95.00115616990055,67.53433474387298,6.757504343281738,3,5,1,0,100.0,1
7.0407976809922355,67.6710689651359,83.69835494699117,5.838780808256922,1,4,1,1,100.0,1
2.129641615089107,61.8435279487241,78.88975624966841,8.934287267112126,3,4,0,1,79.67638223107437,1
1.3637147558676976,89.0262757621931,42.76243063051856,4.34187236198421,0,1,1,0,56.97193351164733,1
0.14544665667881929,63.740301777406806,44.009600945234695,6.511643649509979,3,3,1,0,64.30960973393991,1
3.5058755880659698,91.13071592568392,62.15803054479504,6.750588544788628,2,2,1,0,79.66642623603171,1
5.899176868546331,71.18691268243813,56.24097717263688,8.350036457794712,1,2,1,0,92.00419951657915,1
3.922440450997323,83.37749496457351,52.78113776808263,7.445725450541266,1,1,1,0,80.10044685966751,1
4.374749220237291,54.77676569173341,55.455247439979246,8.003274023165087,3,2,1,0,78.72565157226174,1
9.041586944937483,81.19296623382866,84.19155088132865,8.662295713910536,0,1,1,1,100.0,1
3.4825546702330037,72.58838393686145,91.10754294975197,9.173217841949132,2,5,1,0,96.94374129695677,1
5.139894891598108,79.3304231587737,62.280648199016156,5.883252980334823,1,4,1,0,87.89096195554701,1
7.8365301274114305,58.40071038724317,89.83610511728733,7.2281362321834175,1,3,1,1,100.0,1
3.9654278232127016,86.8436872472091,57.68226356863351,9.0406484706352,0,4,1,0,84.65899589961165,1
6.220867002278735,93.13985387716143,66.20403424890854,9.936706785790339,0,4,1,1,100.0,1
8.623637087467452,60.836990004538784,52.43159487987998,9.337115866262579,2,5,1,0,100.0,1
9.495206236576422,54.78572777600809,75.22618231967141,6.2288035757462605,3,2,1,0,100.0,1
1.4707348092903794,51.18192930231682,93.84396133461449,5.170999103311902,0,3,1,0,78.08249865274989,1
9.265876251614944,82.0985750221633,73.19212028238582,6.936355224439533,3,2,1,1,100.0,1
4.921162930795382,80.35470180443903,59.67977462624519,8.449848711016253,2,4,1,0,84.99248983249022,1
2.5824438829895833,77.33487063570351,75.62995952947907,6.955414424519786,3,1,1,1,83.74758300029185,1
4.591357562382613,61.59735480579877,46.76063731559631,6.899085179882011,1,4,1,0,76.54637110854627,1
9.800325752854771,69.54529979527574,88.87624941459693,9.029382526490803,3,2,1,0,100.0,1
4.926180939928696,79.72381675930865,67.669617292891,6.168422674403118,2,4,1,0,100.0,1
3.287516102875082,74.83834294295846,64.7142358121803,9.158768048869874,2,1,1,1,91.73270223953807,1
6.334008543167258,99.38927601074437,72.22256336494355,6.440828805710341,2,5,1,1,100.0,1
2.401456187781931,56.821987627836656,74.36311245341713,5.9693986340700365,3,2,1,0,75.04813970755427,1
0.7586332810866392,84.75722770237968,43.94766934245822,6.7239394671981945,1,4,1,0,62.490494901429905,1
1.2887972191064923,70.21593840521462,77.54394716728713,8.57468175204921,0,2,1,0,64.35140518706297,1
1.2804583895777244,71.40998074628074,53.30624241735413,4.7560121671839655,1,5,1,0,58.05040028631824,1
1.5190269351229435,85.87988828290881,79.26739478786243,5.1785152952321045,3,4,1,0,95.02636761868743,1
1.3882717264941014,84.62180756621848,85.23941369113082,9.708668953978552,3,4,1,1,100.0,1
6.4087474480321465,99.56279968510941,84.21771791538862,5.052949764288144,0,2,1,1,100.0,1
1.8188008439914483,56.41971447270626,70.38755320743391,7.406363907586328,3,2,0,0,75.69317189276285,1
3.456672833238632,55.20548246920832,68.60934407709132,7.475886799971628,2,1,1,0,79.56357815612398,1
8.967884099060118,86.21694085643705,47.85817787366764,6.937746772301469,2,5,1,1,100.0,1
4.739616402628723,78.91934585032045,82.64403827217245,7.8684714914609115,2,1,1,1,93.87796984304393,1
6.675577385210271,63.70803332799029,54.92751592456929,5.37896035478571,2,4,1,0,81.53737741476309,1
1.7231987120162984,53.97096844944933,67.31824825498705,7.3159736066604895,2,2,1,0,75.56512416424499,1
1.9228901880867078,54.282912479821526,55.63507511101342,6.233039531481383,3,4,1,0,59.77506555733552,1
0.40868616266478863,94.70954373320592,47.360559964983125,7.970003557775135,0,4,1,0,67.01921140036417,1
1.6893506307216455,59.59336623593715,74.62567332904551,4.847341260238897,0,3,1,0,66.8086549218445,1
2.7859033903195862,66.16857810577604,42.98826191525971,7.425264501036858,2,3,0,0,64.69200604713703,1
1.7701048427674682,61.3328201113494,81.17548787694099,5.111622132299942,3,4,1,1,86.54171364684804,1
0.8870253375705561,67.74981529159686,57.46727373936142,5.671858378690218,1,2,0,0,55.72173600782713,1
1.206358711006008,53.47119213730467,40.00740811524669,5.3122588019415,1,4,1,0,56.82632296147216,1
4.607787680327258,75.95298954541352,68.11210265804763,5.097026679212902,3,3,1,0,91.08799157682722,1
2.063337184057925,53.380628179610746,42.57685496901817,8.954265709364002,2,2,1,1,78.56872839124009,1
3.6426986104807546,90.01782539111808,55.18932568014947,5.714245405965342,0,4,1,1,79.40326916462637,1
5.034172708548569,61.685604095521654,78.88370681006438,9.562742691186696,3,5,0,0,97.83457729009898,1
6.903948286293653,77.00059573022553,43.447929189202625,9.819559152071145,1,5,1,0,97.98731416494434,1
0.39312139841098936,94.0039543780729,86.16361707958012,7.427562819622584,1,4,1,1,88.06674204398898,1
7.994103989090426,82.5438684523597,40.21009574622207,4.858006735994358,1,2,1,0,83.96489932885771,1
6.279003894909078,76.64788932756676,53.57531280610462,6.2472894602774875,2,4,1,0,99.46227070341169,1
0.8175903194887191,66.21668765576878,80.74972308836394,8.786393580089284,1,4,1,0,79.07239591660284,1
8.735786241067773,66.6500956529099,57.39485823511187,6.2043443721824225,3,3,0,0,93.87473975670862,1
9.208724005318132,83.4743477599095,45.604081343630746,4.522103309816733,3,5,1,0,100.0,1
0.6107795985486375,99.70696806105838,59.81286553402353,7.340709465569128,1,3,1,1,88.40242653434304,1
2.7687764814720373,83.09195949246893,54.871630751148906,9.070725108976209,3,3,1,1,88.53902477851626,1
8.062012797930613,77.88917086850125,86.34915461883051,8.775558322861015,1,4,1,0,100.0,1
7.482596903836583,86.5325255119623,57.234135467182874,5.050738840782119,1,3,0,1,100.0,1
1.8452101935637732,73.26028061418592,83.39128594768039,8.0365876864748,0,5,1,0,78.9300297493784,1
2.093493233367103,53.00711713003926,89.05296796459041,5.323025580613883,2,3,0,0,84.46943278483997,1
3.70472102791382,78.1148407938955,63.85995807670912,5.309245207313033,2,5,1,0,91.38532969508131,1
4.845229851910213,97.881264225269,90.04687291199156,9.244430639831112,0,3,1,1,100.0,1
6.1825477153029595,58.76514711788298,60.752492967975606,5.498013716441381,0,5,1,0,83.50827750192752,1
3.689136395697724,84.50024454103328,93.02431290695594,5.579484079108067,2,3,1,0,94.73222903225036,1
4.625347161331479,60.04668443295282,44.91092384890651,4.003920344567797,1,3,1,1,66.92932043898603,1
7.474709381337565,76.79138422365406,77.78605965767835,9.224014204753106,1,2,1,1,100.0,1
0.366832028905979,54.83382248233598,67.15977222513108,8.755568879254808,2,5,1,1,70.57674740369664,1
2.5243694434402073,72.51854681290925,61.32068430006059,7.763973610544068,1,5,0,0,77.94302519918736,1
7.133495858845524,87.8081664447623,74.79915333117304,8.501594583633054,0,5,1,0,100.0,1
8.952068376871994,67.37857621194911,78.71214003988823,4.91229140454695,1,1,1,0,100.0,1
5.116774421156661,83.24558622436089,40.239979830767,6.749941567525452,1,3,1,0,85.3832122265031,1
5.321134852653157,89.77249803948646,49.18241988109593,6.107316324092685,3,5,1,1,95.84920871983365,1
1.0717201133977605,96.35889097397263,79.21753278488754,4.5626591575420985,3,1,1,0,83.19085769489783,1
4.474123668234546,61.73210409277267,76.65119774680136,6.916782911289545,3,2,1,0,90.02840912370316,1
5.326172664550231,69.9657957904654,93.13261278207725,9.524437902055812,1,5,1,1,100.0,1
2.4247050363472966,57.62080066652087,81.85707846379307,4.240354714304167,2,5,1,0,75.36627506672697,1
2.6924323094938094,99.62417510791876,92.29249892522358,5.7487654809627635,0,1,1,0,89.55722617987179,1
3.7728416310462265,96.35004839621476,78.63972758441437,5.245245617234221,1,3,1,1,94.9295694494804,1
0.20071197777726368,76.99785651402797,56.39287147516937,5.428879921994178,2,2,1,1,68.29845633616769,1
3.220791655831783,92.10166471882107,45.7950707237971,9.45060731127625,1,5,0,1,88.94918694385764,1
2.1144800699654462,76.04789886360211,83.00031248397146,6.8084143254057405,0,3,1,0,77.94071526763206,1
3.2749735217791462,81.17928440013799,75.42820718117537,6.797796477638913,1,2,1,0,83.59927370673833,1
1.1976213181925122,54.456221605800835,42.65023068163129,8.563453854731694,0,4,1,1,67.89260330222392,1
8.90527280739895,87.7635210248404,59.80277562455381,4.926953224029555,1,4,1,0,100.0,1
5.935924535540487,56.38567418176174,92.62398985163574,6.9235921246003045,0,2,0,0,94.45284933064977,1
6.791023191444896,91.30338151262642,67.52206301406108,6.579911284726358,1,1,1,1,100.0,1
7.891712386073383,89.1014043835193,63.800102481083755,7.581464143279937,0,2,1,0,100.0,1
4.984421989290572,85.43723488714882,65.17347828376117,9.997346219502631,3,2,0,1,100.0,1
0.8692028808742369,51.80801902623811,51.48854982028401,8.616693364492281,1,1,0,0,55.0281056443342,1
5.371065418185478,65.15641779726643,60.27889439756373,6.387194218104563,1,1,1,0,73.74803135230904,1
5.868411180208791,63.155628495542146,60.33972907929471,8.965318313644282,2,3,1,0,94.61073862923274,1
7.4543947418433,68.00682037357595,42.879526110310984,5.0242501798748815,2,3,0,1,86.32488416322907,1
4.316595462296794,54.382137338191924,82.21621956848551,4.182782117853761,0,1,1,0,71.06046510823361,1
1.2758030279556376,96.84789115155314,62.907743754713344,5.2266902347856385,1,4,1,0,68.88888231435078,1
2.8377590579872445,77.69011203561881,85.21989377490328,6.042469336685558,0,4,1,1,90.33534822969563,1
3.630822963986351,65.27621553290118,86.76914006159424,7.063484544757359,3,2,1,1,91.02278366524246,1
6.459172413316012,69.84907585371417,51.659673008426196,7.690774843247199,2,5,1,1,87.78198983260744,1
5.707783046689119,72.36012702524178,76.15444151935708,9.46363430328653,0,2,1,0,93.41892205517618,1
3.5609672589784624,80.02971666803086,65.975499228964,7.059124057302746,0,2,1,0,78.4415620517319,1
9.865152487929796,75.7839713848249,88.40862058568169,7.007653867754376,2,5,1,1,100.0,1
6.057748193568871,95.96959866072086,51.865737354704976,4.301458058937893,1,1,1,1,90.31430131167176,1
2.372267917359945,74.84817414529151,77.27972601705244,4.209469315937342,0,4,1,0,87.23955977528938,1
1.0178247262040374,99.60790074116564,73.42636672389975,7.306959771498232,2,2,1,0,85.18816637904384,1
1.5285913918433203,92.57124788725478,56.24158126645081,6.6290716794900675,1,5,1,1,80.1034875333324,1
2.459577283845081,60.42552571786679,47.51304970081449,9.035082369881792,3,3,0,0,69.22494002961004,1
1.6068137325955567,96.52976073219581,75.8401868262502,4.964077508271071,2,2,1,1,94.55577109424085,1
1.8656702405130576,55.818319894273806,80.62286019727819,4.149829972702298,0,4,1,0,76.1530661554224,1
2.850951686938471,90.87248542455958,57.35950390698425,6.694232607580755,3,1,1,0,74.58684983860644,1
1.7337359529475482,69.03116467382901,75.46579322122726,5.424871340513545,1,2,1,1,73.3358712833867,1
8.967654246264251,93.89871602225347,61.73219991863268,4.297686240033025,1,2,1,0,100.0,1
0.8023374566164221,93.40283450537251,79.22637858054398,8.347589721085773,2,5,1,0,85.64052824922713,1
5.245113895702547,90.29627000588106,50.956840119172924,4.669557999743485,2,3,1,0,85.20098316540691,1
4.103968269896615,89.50152181535307,88.96182514498959,7.64991700004663,2,3,1,0,100.0,1
9.823786169086064,65.23395695490204,55.80752780560688,5.686298501001335,1,1,0,1,100.0,1
1.1203890216805235,54.04596415256261,60.228229326588405,5.040976302130132,3,4,0,1,72.90930458343509,1
3.9785559904574166,70.14900893825808,43.19505736441924,6.278509137515905,1,1,1,1,73.62645183482613,1
9.69470433275369,58.67622574932543,46.133171677670205,8.808674657337722,0,2,1,0,88.07924788829061,1
8.655071258939802,84.74755444512309,68.37240464917805,6.352561461427436,1,2,1,0,100.0,1
8.1707207094928,67.30498632688928,54.71759722003843,8.504617895266335,0,3,0,0,90.9534455049692,1
2.579028270449398,98.78051004299574,85.9514124158207,4.752917780794904,3,4,1,1,95.0986742369464,1
1.7088758739006582,82.04860386726659,40.80813637602246,8.636628517990474,2,5,0,1,81.19602629823856,1
6.68643219924431,91.12402818171805,60.85017267695649,5.421599949439892,2,4,0,1,97.37443706832163,1
9.293759891275858,56.62623363709242,58.5540050723001,8.064358779333237,1,2,0,0,99.99393738966502,1
5.567628930139298,93.10072411363113,41.063019700468054,7.394689329045978,2,5,1,0,84.37398071964589,1
5.7161268946989985,96.13785952566971,46.84026194502806,9.574868303270124,3,4,1,0,100.0,1
2.7997909366028417,74.35309594094679,62.750347120524935,6.323935107851884,2,4,1,0,79.89750544129114,1
7.694929331919369,80.31264688754888,67.10755214460957,4.396991133006643,1,5,1,0,100.0,1
1.8704374855752337,88.24049004514977,62.2359360990178,4.114932913307517,3,2,0,1,73.06359660147797,1
3.2367923640424365,58.741931363020626,69.20157231266516,8.961151365836518,0,4,1,0,76.80158160810907,1
4.254364386164168,75.12830382317212,72.73224211981248,7.148413825968593,1,5,1,0,90.0019613167255,1
5.07610378684455,69.93315138861566,40.54581016203096,8.651464311009695,0,2,1,0,75.65999334465762,1
2.4240973241508024,57.31869960811245,65.52523376994272,5.406553600069088,3,5,0,1,77.57210151465989,1
1.1483682473920354,68.37672111457657,92.99245824881736,6.070502473079403,1,5,1,0,81.02886688531441,1
6.1062004244163255,53.40861546927468,68.54677540712518,4.180623233267914,1,4,1,1,90.22063187649913,1
2.8863055324025577,51.29059534747435,77.26482471024242,9.768953947444672,3,2,1,1,77.64832870818206,1
5.812382214226123,56.758314457741136,57.15251218542858,8.00720744020488,2,4,1,0,93.61954061179601,1
1.5436271527420231,98.15575557945868,82.56952579840194,9.599230526555838,1,1,0,1,100.0,1
4.811401018548175,77.47647679475085,82.51068150318633,5.592978444574434,1,1,1,0,92.60144987966083,1
5.325894325515859,98.291108057661,68.67128262097765,7.668781667353965,0,2,0,0,87.44615369204402,1
0.5182353682242691,71.62489391650661,93.68076028035675,8.070999809755827,2,5,1,1,85.30433806156945,1
3.366042781939206,65.59080665426298,46.905261811945934,5.905298201545531,0,4,1,1,77.73876709109616,1
1.3441467693897424,75.3070931420122,40.93212156892695,9.08865541009378,0,4,0,0,63.84737090378204,1
0.6337497047276774,71.9755844316455,82.35870164664027,9.682968777401488,2,2,1,0,77.5861416395394,1
9.899602323899453,55.2832342130872,84.39355455506853,9.309130706176026,2,2,1,0,100.0,1
3.2235384497472297,82.0413157345103,46.611397601631694,8.434401855636235,3,1,0,0,65.06473377785932,1
8.09874445854635,60.80190912547998,54.60705581272333,5.664788078349725,2,3,1,0,98.59580145636718,1
2.5464065476376385,80.97939774489149,40.96537998516459,5.689696252633791,1,2,1,0,68.15524210803767,1
6.8150272222392925,82.51005461990766,56.13197359293106,9.780161922676228,2,3,1,0,96.12988267651686,1
7.6022785988968655,57.601242656432404,82.52280306552693,4.061706975614152,3,2,1,1,99.20717644700996,1
5.956387406078443,53.06748135553341,68.48782902419184,8.296299839452868,3,5,1,0,97.18131556476133,1
4.715761885501584,89.038079303422,59.14525762425585,8.237476975331573,3,5,1,0,100.0,1
4.118409141472686,72.99002118846602,60.44566121984816,7.736137245698785,2,1,1,0,81.25101051595954,1
3.4886826654299528,52.90818977527379,40.074449414350745,9.940653076521194,2,1,1,1,68.76666730341844,1
9.29529144247826,99.74331585848836,56.489029016087976,5.871276614582351,0,3,0,0,100.0,1
8.306194077877292,52.88902804981833,75.55523079008617,6.039831182759489,0,2,1,0,100.0,1
9.650269106665126,84.75176144292766,93.58069440989965,4.473636417679334,1,4,1,0,100.0,1
1.2429722348554473,99.18394626317068,86.58834548411447,6.656788819262425,0,1,0,1,87.16905365360846,1
7.308674752036443,61.95900521079628,41.2977230555041,5.566291157409088,1,4,1,0,91.78936973834821,1
9.383404568210379,57.11246843435981,89.42083325711616,6.060320213065865,3,4,1,1,100.0,1
1.8123306616566015,56.069246971121444,83.07591273142442,9.007430741533767,0,2,1,1,76.11069551540066,1
0.664962673667775,65.16375737837978,82.92068679640391,9.612907081164973,2,3,0,1,72.02239770148827,1
7.4112064929005905,55.052290550532334,65.18976674519644,5.1143984320311136,0,2,0,1,85.47103560083696,1
5.744731131799119,84.60806708470659,61.89029111249766,6.2350535893207955,1,1,1,0,84.44825944520366,1
8.41828776758272,53.114589906503134,56.66036508582559,9.571783372692364,0,4,1,0,100.0,1
1.397723766262895,75.47110640748949,43.613217242490116,4.370850764135335,3,2,0,1,69.61313694113387,1
7.952673118598902,99.83484269264883,52.55294499215345,4.554163168668271,2,2,1,0,100.0,1
2.0162732004774453,90.69851347530094,53.56319992379135,4.976745935237377,1,2,0,0,62.33669865232431,1
1.636559428657045,80.76097191155054,66.62423883406109,7.5712770047612485,2,1,1,1,89.76102206139328,1
1.6426579793099294,65.31268103933058,81.10944236281817,4.902833626035985,2,3,1,0,74.73189144586637,1
8.14574720231382,81.19479181458192,66.05954056188706,9.8084582887044,1,2,1,0,100.0,1
6.651972206962001,76.35207319558258,43.181444719593834,6.680287163551122,2,1,1,0,86.87504355760046,1
5.230654247691193,71.30416919451858,92.67843905435122,7.0091077621009985,2,4,1,0,100.0,1
3.5883048412350247,56.535518837009974,91.84983755017618,5.4799516948324385,0,5,1,1,94.76482450723198,1
8.772005408131083,94.33021076202334,83.18542487316246,6.825761514608401,2,1,1,0,100.0,1
3.924451074226354,72.48923244106612,94.52303458603214,7.971481795822069,2,5,1,0,100.0,1
8.16599439471577,59.73112559103825,69.94652830401446,8.507062821724256,2,2,0,0,91.95587207577097,1
4.391349085702184,68.38796754386448,92.95225926392634,8.523208496259478,2,2,1,1,97.49343351972168,1
3.769444294249076,70.70648762644635,44.1582772339213,7.46734667616453,1,1,1,1,82.76071938870612,1
4.626797856696064,91.37689477834371,60.11244115437542,9.426158649963144,3,5,0,0,100.0,1
3.0137787416414206,86.6807190280701,52.395969740372124,8.904447083836656,0,2,1,1,94.91189993096742,1
7.476093801762511,88.46524468206698,50.77081962738485,8.542288688191753,2,4,0,0,100.0,1
5.027203900924792,50.55156322143236,47.74416218909718,4.333633130082764,2,3,1,1,87.08805763462492,1
2.322126951468173,70.80769990898807,74.23275028612981,4.041267773317896,1,3,1,0,66.44710878341958,1
8.995745732745684,74.06720758176618,82.97270206610179,5.274683663172838,3,2,0,1,100.0,1
3.8389122137321143,50.95961384115284,71.80641196811983,7.981141563480714,2,5,1,0,89.84055146465003,1
5.435528611139886,62.99066043725171,48.08294902735153,6.467184933295275,1,2,1,0,69.64903928412753,1
9.06472110964547,88.01449115610674,84.6118073463409,6.41443755579587,0,5,1,0,100.0,1
6.242379959139921,56.855485286449955,74.97750889400507,9.307521329377682,0,4,1,1,100.0,1
1.1689804070836407,76.76550657262959,61.349113836984756,9.373377088791033,2,5,1,0,81.08361816745175,1
9.398321236134752,60.76009360086188,77.07716625448347,9.455051584321515,2,2,1,1,100.0,1
6.277080530714178,50.60603873219466,54.29477385835581,5.883268459090164,3,4,1,0,84.96096835797616,1
3.3490561465708613,62.06007287997707,58.98557146718158,8.14633487643557,3,1,1,0,78.56973433511715,1
1.3927207266338726,98.7936877455027,90.46172137225946,5.629799087646218,2,3,1,0,93.23203890946013,1
7.9402518927029595,90.07685559414948,55.977747811928126,5.143658998446699,1,2,1,1,100.0,1
6.200727559285135,97.97883221605167,65.84935474868651,5.107794744084215,3,2,1,0,100.0,1
5.334610919763215,74.39270219631813,88.9577625567808,6.052645725181565,2,2,1,1,100.0,1
8.938925830509577,55.48680993387518,78.92467426471401,6.5797457186789305,3,4,1,1,100.0,1
7.885972112245307,77.39797444868465,43.42117743905865,8.985695026330411,2,1,1,1,100.0,1
1.5167487973275118,72.71886672799805,48.10166743534337,4.719346560836272,0,5,1,0,66.46380662352797,1
3.1172206779554825,92.2178541369808,40.431287492455425,8.409555084369366,2,1,1,1,84.21350147056805,1
2.4848913981446574,54.90412903921223,74.70069846260398,7.188729485135832,0,4,1,1,84.5522726356114,1
7.43946292572677,74.4120568510889,64.62203839757301,5.727672056055955,3,2,1,0,95.45134726748374,1
0.3353243473577938,57.50243323469921,47.38511679962515,6.956917507196947,2,3,1,1,59.917424750079675,1
5.698896848713165,66.23379634450299,92.68637665812238,5.799652418662136,3,2,1,0,99.08991482795538,1
7.624586857406905,86.86785386938999,69.13128481700909,7.576491731429836,0,5,1,0,100.0,1
8.767656367617494,73.80090646843833,53.304131176208905,6.603063537131465,2,3,0,0,90.34798470306247,1
3.4208174871590744,68.79441425728847,67.53319641350892,4.986433174473272,3,2,1,0,64.75660663768532,1
8.212573046720129,69.72381392850177,77.37911830043093,4.6994984473341805,0,3,1,0,100.0,1
1.1063173695520723,72.97233842029934,44.19315698854604,7.280174092432781,3,1,1,0,56.01413637317417,1
8.464522917345182,89.25082719185284,55.10870982763406,9.414478199716621,1,4,0,1,100.0,1
1.2748866233198242,94.60423444701172,84.38310199861965,6.0637461193461135,0,2,1,0,84.84504372478823,1
3.9728729056036727,97.76673432519641,65.28156787214637,8.398000643335738,0,5,1,0,91.86973439460562,1
7.972953657795536,89.34516931276475,70.06174281177621,7.951968129638602,0,1,0,0,100.0,1
1.4991742734877378,65.77034478740063,63.80488012152081,9.589329485856886,2,2,1,0,75.6322013321202,1
2.2925139523264146,84.4067353043271,42.41449684536528,8.925886103794845,2,1,1,1,71.30632362476805,1
7.222525683930662,71.8801562027696,49.11623789010858,7.399631553432778,2,5,1,0,97.01657659053348,1
7.200365365460744,62.73353110230256,64.504790130804,7.942182989404644,1,2,1,1,94.65504525216382,1
6.411476328852973,92.04357897129613,51.50520059743603,9.39031879950421,1,5,1,0,100.0,1
6.939484444671001,51.92131744811625,42.74884657628233,6.397112707521609,0,3,1,1,80.50404435599631,1
5.427244433475962,95.08809960677118,86.40073152285031,5.960768235146665,1,5,1,0,100.0,1
2.5179905890695276,73.0738732312367,93.96558910402638,4.064866501811178,3,3,1,0,88.51820046891409,1
3.4569599350391944,81.86007384041402,83.62285806982067,8.959306445148785,0,2,1,1,95.9225478246043,1
1.8159771680142567,82.96769611028913,86.95817069375668,8.80588420242019,0,3,1,0,94.22531081512791,1
9.084505613336283,94.75588703532682,53.308742167437494,4.6267271086009085,3,2,1,1,100.0,1
5.833917947661204,81.83348410836037,92.83448365322599,7.461144286796202,0,2,1,1,100.0,1
4.008514167636399,80.69667923800309,50.83091374493856,6.783890189001324,1,4,1,0,84.12033622221693,1
4.620058036441327,53.3326020280345,92.32863956990077,4.712254573054668,2,2,0,0,93.46821581820515,1
9.472833396118153,75.9204010972602,94.7150611681273,9.883409362364342,3,3,1,0,100.0,1
1.533514031160802,57.50845004085208,79.14475431603267,5.288175324780132,1,4,1,1,81.63774147847631,1
5.862298320167972,86.87168843607428,93.96290524855021,4.403405080543367,3,4,1,1,100.0,1
5.05888678884466,75.61109604063373,71.3246878761907,7.5690842770114575,3,2,1,0,80.11413053906504,1
6.1145423543464785,84.01138896041766,54.274798074684966,8.433200062798196,0,5,1,0,89.59939866281391,1
0.18110183820840509,52.083645030119214,64.03477371160915,4.194660676283122,0,5,1,0,60.49943880692075,1
8.721239089441514,54.23960080229016,72.64585144583323,7.952305832362133,1,4,0,1,100.0,1
9.321182824836123,85.81616940313411,44.01948591148582,7.193751255708727,3,2,1,0,99.45558246097298,1
5.65133183589209,53.60421679993367,74.22887955394853,4.61959005325029,0,5,0,0,85.34915593116428,1
6.966508238768922,53.56283638826293,93.9647810219262,5.035143261678172,0,2,1,1,100.0,1
9.224993811772958,50.605423761744376,50.45592073810502,7.407845783896483,3,2,1,0,97.59255466873138,1
7.072386343133986,97.82506991497401,83.59273139586108,5.77814568107973,1,4,1,0,100.0,1
1.5253904291426135,86.87541797295034,89.93443365787905,9.629894371907897,1,4,1,1,99.4193055721118,1
5.762883601668132,67.66257042510321,91.90358760511214,8.912441376904304,3,1,1,1,100.0,1
6.067150463828559,64.82677906438276,92.80745824229959,9.90140323908198,1,5,0,0,100.0,1
4.24130671302386,67.48516148729247,68.68028012968095,5.558025033702484,0,5,0,0,86.18587870757302,1
7.3644423562472285,88.73267655905909,93.7519349395327,9.818341796787863,3,5,1,0,100.0,1
9.343670147690148,83.06853055352072,81.65206139239413,6.587403218749348,0,3,0,0,100.0,1
9.255685129067764,59.259778393373395,48.891928993032906,6.085112771882528,2,2,0,1,99.3919118026961,1
4.508393714041321,58.70546676670422,66.22950585573835,4.3020971618161195,2,4,1,0,76.79860713238321,1
1.1323804584075525,54.91978248566986,79.50821464546021,4.316591547157616,1,5,1,1,71.23200286116229,1
9.848411989623346,83.0151359850669,53.60371737004958,8.152067535679928,2,1,1,1,100.0,1
8.388980864459342,88.2186331110868,75.2338350951888,6.747573966604167,0,5,1,0,100.0,1
1.2466268120326685,63.2523214162502,76.66302634756406,5.3591297562166345,2,2,1,0,73.55411121346408,1
9.208418826173723,51.047248051545644,48.948485909471124,7.683821837951395,0,2,1,0,89.50733025636923,1
8.698963620621283,54.10858337382137,71.0796921849016,5.517148709500667,1,4,1,1,100.0,1
5.188380571260721,98.39300174225153,82.43948010382343,7.465790526066535,1,3,1,1,100.0,1
5.912754357449293,64.77223887387102,67.43926154947681,6.155252481896142,0,4,1,0,94.63864205418736,1
3.9900270387013026,88.46115739190668,40.66567142268591,8.941313359670914,2,5,1,1,76.72459597440906,1
0.5476163882203133,81.23317844271318,40.49711579936107,8.924176964600676,1,1,1,0,58.69869890869669,1
3.3519724164590095,69.09698198264479,59.63661391835067,6.864102388734408,3,4,0,1,92.62946287959237,1
8.028534485980114,60.28436310977776,90.94067376374801,6.104914656010093,1,3,0,0,100.0,1
0.04632023004602859,56.06932090797032,52.577222878198484,6.175358779354568,2,4,0,0,61.804793196938725,1
3.334991716911442,80.75064840194332,74.89000288794279,8.834287154009306,3,2,1,1,86.61855868911815,1
3.9816869359094333,88.7316890318894,52.21417288813263,5.969076896785672,2,5,1,0,80.87441319520951,1
5.373956029379229,82.19521267705653,57.69184943127517,5.254356242241077,0,5,1,0,91.29357390195518,1
9.198556164127606,76.51510666245792,86.64231492808162,4.508130051251841,3,5,1,0,100.0,1
3.4634599436596125,52.097561171581816,80.08737932484708,6.80015872530645,2,5,1,0,80.20379921402572,1
3.469532018962277,98.42443887971919,45.246960252226586,6.892792593519051,3,5,0,0,83.07155204882689,1
7.3750124810974835,89.93570958272872,63.57861115425385,9.045452262417443,2,5,1,1,100.0,1
4.522179408898071,64.64110183504823,41.604337000489544,5.327432178676384,3,1,1,0,66.01429931972478,1
2.2460482293998196,98.99851646794252,66.44895806316549,6.2859476420104,2,3,1,0,88.03794866626555,1
4.524395161326934,80.09407948181611,76.43387064355875,8.850434433362146,0,5,1,1,87.70364840279292,1
1.4085702037979986,79.12113291036232,46.517644297898336,8.94174166449384,3,3,0,0,72.37325082907591,1
1.763869865062233,87.4036589714766,55.88867164000411,6.307666455872609,3,5,0,0,72.6077556478326,1
4.983677727394797,90.58848940450687,61.88101440261863,6.754744139720085,3,4,0,1,97.22320937075814,1
4.189254495045479,82.82393036657513,90.57420635608273,5.819715345095697,3,5,1,1,100.0,1
9.148459010681,56.40478731831,94.62902584826301,9.595329270515872,0,2,1,1,100.0,1
3.623938991166331,66.91337529972492,42.470121444758874,4.711862594449482,3,1,1,1,74.48411571965036,1
5.805883502780435,96.40418201630249,81.85543579224657,9.60249653800882,1,4,1,0,100.0,1
6.322642879195303,61.230780592192595,60.444823652128875,8.103198711012059,0,4,1,1,86.22201498500856,1
0.13094456588333636,68.60835119187567,61.5852002426214,7.189432916120387,1,2,1,0,63.455227357937815,1
6.635373720167106,71.6038441472098,81.48457353408625,4.195954364706975,3,5,0,1,100.0,1
1.7803596686975143,71.97024948472261,90.51345376799748,6.8535771509320496,2,1,1,0,87.12252478627299,1
9.610703174694551,80.64697912472627,92.30107269764017,6.446488630016393,1,4,1,1,100.0,1
1.4866272775311296,97.15379188723537,71.74174223210764,4.967312871850735,3,1,0,1,86.61017374844465,1
4.146241237270237,62.034635591625246,59.64166376152765,7.938457621003941,1,4,1,1,94.87820005855511,1
0.8534966807864386,56.0750688150459,83.31519972223286,9.826905444209714,3,5,1,0,87.91335979217243,1
9.968742518459473,59.873524492996864,53.80507607942651,7.3731328663871505,3,4,1,0,100.0,1
5.021950103312426,94.34624501046348,71.02407158584347,8.288519658663674,3,4,1,1,100.0,1
5.953850173200438,82.2905406327603,59.72181538386802,4.4107027153961,2,3,1,1,100.0,1
0.6707647738842748,64.29533946195801,76.11470905393318,6.506001974901968,1,5,1,0,73.74100268626141,1
7.499604703991778,90.79734694843086,53.22194020914288,4.698150910986975,0,2,0,1,99.43984903888237,1
2.0990559309558576,93.0684998181718,50.53761201541542,7.676775013219062,0,2,0,1,63.6418743329168,1
8.980542894407137,92.3257169345139,90.50314976714904,9.630892949284927,0,5,0,0,100.0,1
2.0513964048200717,95.94632668197772,45.59920256222453,7.970666394829831,0,2,0,1,74.12480544275085,1
1.9068772066366657,62.612051008668075,67.82768492542124,4.460818289886529,3,5,1,0,68.23629199603494,1
0.3654966784809488,87.75209643731392,52.14690306296549,6.127997229910497,1,2,1,0,59.61375512751964,1
4.720669451099992,73.026974863707,42.14114798291171,7.30398027664511,1,3,0,0,64.62570525835477,1
5.648411332626164,92.09992764450308,41.98103500602845,6.4192465367995135,2,2,1,0,82.09216373581071,1
0.6570863942835237,86.42453385808065,49.637197465820506,9.001864062851034,1,4,0,1,71.83012265025056,1
7.755276166950106,88.82237232498623,87.67236949783,8.888026028259935,1,5,1,0,100.0,1
4.532888347480276,82.80809188405357,55.53633091873647,7.670986120619329,1,1,1,1,90.2135137682141,1
5.243902693275801,58.87143847348534,92.27525438164126,6.240747670796232,2,1,1,1,100.0,1
4.407627469382281,77.25134594484692,71.98922611440565,5.532018242579465,0,5,1,1,88.26831712645341,1
4.00763060875326,99.23348697622541,64.01378043728214,4.635245909278776,1,3,1,0,84.34976457003712,1
5.596403313082179,96.86940332485594,71.90488590682,6.129386100919325,2,2,1,1,100.0,1
1.552402459307125,52.158686789850584,68.41841118744472,6.479035103246317,2,3,1,0,65.74498064178017,1
1.8192813049527112,58.24074078647186,81.73269395665288,8.054937550624441,3,1,0,0,73.76030637039622,1
8.617856210135173,56.58643867272809,55.53728362850687,7.94895894578544,2,5,0,0,97.62989342518958,1
9.461154621336327,86.29899549926478,59.41777153801663,4.4206488378475415,0,5,0,0,100.0,1
3.7330931627975295,90.88926649284726,89.17518663932879,6.371555892586946,1,3,1,1,98.52501975593651,1
2.707446731435538,60.675568315533596,92.0551082232723,5.0906732033041715,2,3,0,0,82.49229774845506,1
6.439995432390157,75.29263464759146,89.09070251175609,4.940876231900834,0,2,1,1,100.0,1
4.087341710980964,92.03515140056,63.06963966765225,8.963812898423475,2,4,1,0,87.01017823364027,1
0.2538635566034486,86.64007723831253,82.9201026653785,4.251491300297545,2,4,1,0,78.5761489140074,1
1.5615259736619036,77.11186027459242,66.19846533156044,6.515097255412728,2,2,1,1,78.87410781406787,1
7.159722288473976,79.51738452293864,67.36469186803562,5.009221934599109,2,4,0,1,96.13277146097178,1
6.589239419101514,75.418027345814,51.25740599815062,9.275981294070844,2,1,0,0,86.45461830836356,1
0.2709599250348349,64.87742256594103,72.51216667921841,7.342243079650211,0,4,1,0,70.48346760476348,1
2.219721619329494,78.2510996429508,50.237474376434136,5.388283818261089,1,2,1,0,62.34275781905141,1
2.310747965880714,84.44426510250453,58.23605844869566,7.0145637229982585,1,4,1,0,72.23264987564828,1
6.718927435987284,93.66614579304039,87.02666108909644,8.388918158218695,1,5,0,1,100.0,1
0.19710537754364155,81.8145676989624,51.389169506597035,9.748708053516602,1,3,1,1,75.30012332455365,1
1.0410858198457384,88.0560768521579,43.913705684538805,5.322676025472513,0,1,0,0,65.60604070294922,1
7.999160853731894,58.003581747728646,43.7954175937049,9.317090632776072,3,5,1,1,100.0,1
1.7854466205433361,73.07787372098949,91.74314862767093,9.605824685004942,3,5,1,0,100.0,1
6.527461078518747,50.46658099135467,67.88062408790091,9.498523267192397,0,2,1,0,90.79751484904033,1
2.381827810467265,62.33394322608115,62.51766394993601,7.812486141171459,0,3,0,0,64.87487716609354,1
0.9944139275934516,86.32308575565024,84.59832195543552,7.778923926608246,2,3,0,1,90.30438127795428,1
2.4317219099945406,99.59049756746816,85.97042603507839,6.419263799102937,2,1,1,0,90.98314459353017,1
7.2226693185565916,54.958904979360796,58.27050682135825,8.514387293822727,2,2,1,0,94.40032009758355,1
8.556964681062858,70.07471579306441,78.14899316105874,7.187764110105592,1,1,1,0,100.0,1
8.302198645669916,90.00354843495798,82.41175487185376,8.064628427369767,2,4,1,0,100.0,1
3.9718352961845484,60.20178173144494,76.00578777762749,6.570747423092772,3,5,1,1,95.11846438719678,1
6.680851365706461,77.7542474651143,48.33772911400547,8.388978784258835,1,1,0,0,87.44826030784657,1
2.0498429541582097,86.65356480148374,88.17356959343815,8.946829105627295,2,5,1,0,95.30061962415942,1
2.9314773026101326,80.79927251300896,69.65020040048049,4.878617539616897,1,2,1,1,82.75983524667234,1
8.963358185211197,59.401236730770805,55.5359834503502,8.997578293445368,3,4,1,1,100.0,1
0.13001923510736035,67.76922843428697,63.38755019907316,7.241779190741843,2,2,0,1,64.93055455233088,1
0.8550853085446808,89.18958922426987,42.066409971939905,9.067995454541347,3,4,1,0,65.36947853806964,1
2.078862551460273,77.71132570660083,47.03267406723297,6.587810238046088,3,4,1,0,65.01687072768775,1
0.26532203873819715,50.261480677145634,82.10507127837235,6.27424291229821,3,5,1,0,74.06559623070726,1
1.8143543508979731,88.0495380014047,40.000639911545136,9.490364395103335,2,2,1,0,69.73206014456007,1
5.830415609696922,51.76556774701196,62.911120566526066,5.507015605290408,0,2,0,1,72.8939116335384,1
4.214245505924979,87.2866891365616,68.73805995970736,9.065273951716858,2,1,1,0,92.55633907884298,1
8.926717110769749,60.124028008261874,43.00489310005348,6.904123435056425,3,2,1,0,95.22496798816474,1
8.17443561738441,97.90367400596901,93.5192989634783,7.084572655307558,2,1,1,0,100.0,1
3.4181735169787597,68.39703756510423,52.43689321873195,5.850809688936904,3,3,1,0,78.63066760105701,1
2.594234334312925,66.34658081690395,56.73092957999545,7.438253203714094,0,3,0,1,79.27177447647347,1
3.7969240816726693,57.44440251662223,56.716838174026506,5.951267177657268,1,3,1,0,80.07068859873871,1
5.902949425148077,65.28021077451075,52.67291641645424,4.235616485449913,0,2,0,0,76.01806521018409,1
2.6806364082287626,93.83253809141003,40.081060214747126,5.6319916320661365,0,2,1,0,68.57988714451638,1
6.24148907849134,99.81671688136237,80.1139636748398,4.038274260439544,1,1,1,0,100.0,1
4.0941165219124045,68.41547652534241,93.1765024889607,9.87012872234114,2,4,1,0,100.0,1
5.520471808519803,72.43053154772713,52.33614158067748,9.794483258918484,1,1,1,1,89.41762826034015,1
4.361265291353167,86.10354691013686,76.46759554918823,6.3709317848338305,2,3,0,0,93.0616295453717,1
2.9446575954191765,94.30978902325373,80.80429798272934,8.370225126037877,2,1,1,1,89.54173737549063,1
9.484533069621566,79.6522167093392,86.66339584997885,6.074836590462549,3,4,1,1,100.0,1
7.636057941597608,69.57628490889147,63.2446058357485,8.026558942515855,3,2,0,1,100.0,1
1.4011317576645255,70.63109204243119,56.66119981022361,8.832580258275875,1,1,1,1,69.80878704620818,1
8.684679758979128,84.78090732484034,57.89123237126671,9.680537468153444,0,3,1,0,100.0,1
4.874311982495136,50.16091318021393,79.1941733204182,6.4012736550980325,1,3,0,0,77.2843486860716,1
8.945522268940914,80.97946687299203,84.92287065780998,8.699787897736286,2,2,1,0,100.0,1
7.998552559473152,67.77465052206787,49.988768226613146,5.5955707037927125,3,1,0,1,96.59014919924202,1
4.252135044692334,89.7098665638542,60.401755448677086,9.94199382276189,1,4,1,1,94.4908473583688,1
0.22469308320117398,54.64953199115661,89.60671082120325,4.154617592586106,1,2,0,1,59.35007560345678,1
2.686773593849461,79.41011334741953,84.36814358321067,7.621172839006726,3,1,1,0,83.74728852096855,1
5.416342146608669,74.04864449430619,94.16721215193617,7.957035889907963,3,5,1,1,100.0,1
6.334782198261473,82.11627629526137,81.48365428251444,8.128273342444773,3,3,1,0,100.0,1
2.578876854332023,53.24267972414842,61.62573605653573,4.722325472734534,2,4,1,0,71.7904048084767,1
1.3935607407282413,78.99918937140657,72.48508086970509,9.631178700838783,3,4,1,0,81.16421594280114,1
8.34930236799299,78.07422939797618,76.3557839836026,5.087099674300497,0,4,1,0,100.0,1
9.84402180703552,78.03300472080855,44.315069897441816,7.736520419439047,1,3,0,0,100.0,1
5.256901823026858,80.17438332982275,69.94733275071258,5.33605647473851,3,1,1,0,97.27108624852369,1
1.716792858483035,83.82339686131812,79.01264556599352,5.843298502127626,3,2,1,0,77.8993012106105,1
2.7230732651936895,90.24944998403848,49.20267172005832,7.278751250368746,2,1,1,1,87.0618641751806,1
0.18390676547466733,63.49103600641072,82.93474445840565,6.503160511387459,2,2,1,1,75.44943760133738,1
9.14298806560499,91.2524705090031,72.10750292827615,4.9613536058590375,1,4,1,1,100.0,1
1.1775108289014113,74.91278411317268,92.37219821336771,5.0256184145250895,0,1,1,0,74.4357155717778,1
5.765164755142536,53.852913956716556,42.333226401379044,6.508868728976798,1,4,1,1,88.77219461419102,1
2.74055220687206,52.92754646219896,54.592937565550685,8.543697869653005,3,5,0,1,73.00225828168884,1
5.541780025157934,66.71191593480305,73.08546336149033,9.38778788108673,0,4,1,0,93.17386353864424,1
6.514203883518642,89.24484885557338,56.31079517132619,4.504765973556297,0,4,1,0,99.09970825879952,1
8.297418037072017,85.3840467370458,79.29332902391832,6.358623445356407,0,2,1,0,96.33823419094652,1
2.064212717606032,89.43074823362032,81.7452905387062,4.60147338233726,0,5,1,0,84.60775895297809,1
0.10995828658480478,75.86345282208046,45.638378023656095,4.099554883795587,1,4,0,1,57.46093360690696,1
1.3688563006880727,72.00994989777453,68.26199553137222,7.97031209586374,2,4,1,1,86.05531720273278,1
9.00018641848105,57.372626335314195,67.98898055750807,7.614696651799527,2,5,1,0,100.0,1
8.738900775625153,66.40963768046558,60.310442361854754,4.978114682889317,3,5,0,1,100.0,1
5.974131021703083,71.70096830869376,91.31086744133196,5.402876998558384,2,1,1,1,100.0,1
6.005168604336534,54.43002148398086,85.51284759302717,4.1422465218671105,2,2,0,1,94.73092276863686,1
6.650366745462555,61.03059763556056,78.34651600503003,9.009683234166422,2,5,1,0,100.0,1
1.753712786234496,79.91126470318694,79.28796496542486,9.848143576291308,2,5,0,1,92.94790833435398,1
9.144119459249598,86.7831557119595,65.39438790972156,4.812757220768145,3,3,1,0,100.0,1
4.187705248920731,99.91737556964748,90.65469866031168,5.388851282591789,1,5,1,0,99.89582580288466,1
3.8313852824949746,96.65566656717789,78.2027484989307,9.210457143681605,0,2,1,0,92.56117433775059,1
5.189177052828375,82.12825997675958,80.0939583910699,9.558782787737108,2,4,1,0,100.0,1
0.46965966775055046,71.0624026647036,87.39299970830399,6.517764296840862,1,4,1,1,87.21536973979754,1
1.662833687560794,81.80886823541164,55.0739374138205,4.3037348336144445,2,4,1,0,73.33598052827362,1
7.380336164263705,89.2825809040116,84.38889971266866,4.236351002156916,2,4,0,0,100.0,1
0.8279866792512647,55.91680954616937,50.73823316260706,7.443699196414062,0,3,1,0,62.3992651737392,1
6.031521094663882,70.4952444848144,58.993807373468826,6.357370653359074,0,5,0,1,94.97697013395012,1
2.4534910968132095,91.99011428178086,58.45857498484135,4.1719145654659275,0,4,1,0,70.70750360986159,1
3.8929561404197655,69.1916475966522,93.81890076140273,7.499514353875341,2,1,1,1,100.0,1
2.8869373677069987,78.59361356135932,87.10954730613598,4.067815219534134,2,4,1,0,96.35640276444815,1
3.5567271646494913,79.38846804310991,78.56434238746428,8.724231748895637,2,5,1,0,96.53432796002784,1
7.1904590518424545,59.22381265668197,79.98812188884645,5.838596936220229,0,4,0,0,88.21692339688072,1
2.9712171562317504,68.11177208261442,70.9140036921414,4.241548018055393,3,3,1,0,72.95697713697845,1
5.664046402968972,66.72556443709661,92.08998669096854,7.53011332589892,1,2,1,0,100.0,1
4.760504021990997,51.30983542660324,67.29423140852988,6.386106486598328,3,2,1,0,79.88748686361647,1
6.636711653626481,51.209588194567765,60.9284740428442,9.842802480142897,2,5,1,1,92.32488582619676,1
9.36829739324758,91.58485218378868,48.966943531237504,7.265191975022213,2,2,0,1,100.0,1
7.325720972102503,63.65354049864062,83.24131087435819,5.651435086222049,3,2,1,0,100.0,1
2.149403785907568,75.90393831194078,80.39441626415753,8.25663318780385,2,1,1,0,83.9838727302488,1
0.3118313506128467,64.93627867943866,61.13952711882742,5.628952015256268,1,5,1,1,76.62324320250703,1
2.622640442998251,97.03396225576702,41.385637767757615,9.425459748445391,2,5,1,0,85.69798134719396,1
5.9507793070025485,62.964837943288686,86.14485302449059,6.248331823044259,1,2,1,0,93.71687500959034,1
0.5142581348425035,71.48284063694675,40.62798908997405,7.299211376657231,3,2,1,1,67.66901087421759,1
4.963662472012364,93.63651252423008,78.7034878795978,4.303438622945373,3,2,0,1,100.0,1
5.968428489168892,92.09667833959043,93.36414103493314,6.556727427713385,2,3,1,0,100.0,1
3.3424389081696084,59.305070892313864,64.07137304815119,8.99418123796597,1,4,1,0,80.05435249135772,1
7.7091220374582194,90.13216548978552,52.9235372747774,8.833892832180052,2,3,1,0,100.0,1
1.065982531337718,72.90934433689463,78.767905552386,5.345911353121157,0,5,1,1,84.21423953792534,1
0.7513778173580876,74.14844360426775,84.94204781085719,5.356474426063376,0,1,1,0,70.94382171320349,1
7.281887562036033,56.67399862079719,70.0536673842816,8.90383187327942,0,4,1,0,96.88063703571973,1
4.954913162061985,54.03007568785623,93.18694013908804,9.582390521015952,0,1,1,0,96.37851901144231,1
6.88402396427736,86.39696534868827,42.84177969118786,4.572165527638021,2,5,1,0,90.45313636296018,1
4.348273386037462,74.82305761776499,67.76375790674905,6.700351836557352,0,5,1,1,85.12700874334956,1
2.464020332391068,71.84253513075898,79.51496710274026,6.024725673785374,1,1,1,1,75.61501972620607,1
8.191023176741997,86.47541143261984,87.44522591320484,9.224130732744637,3,1,0,1,100.0,1
7.994158789689792,88.27564494955548,49.859058654928454,4.501149488080113,3,1,1,0,100.0,1
6.946964708544268,57.94540838346768,84.00019149700248,5.266755655348224,0,5,1,0,96.95115281565906,1
2.7214513722996267,80.51125747388207,70.39888916451999,8.514810025518965,0,2,1,0,81.79981612799982,1
5.902306668690871,56.76770411388428,61.81045250944798,4.307763093887294,0,1,1,0,75.5077076053128,1
3.6097389694002677,87.56875430145229,47.244326571850145,6.955212284285736,2,4,1,1,85.32165019270002,1
0.9158207332663415,82.84775781335698,87.59126673999017,6.65264220807832,3,5,1,0,83.36787961683993,1
9.173135754622429,97.8307310541729,48.65002644988434,6.0064070739324915,0,3,0,0,100.0,1
1.368186309189614,53.44790081782106,57.03833225650045,6.367433891913542,1,3,1,0,61.27164353070123,1
9.502373538208024,52.852736057562716,55.952504257934024,7.179643521581397,0,4,1,1,100.0,1
4.460057729579558,64.10935373466,87.92777188049698,4.9682041503302985,3,2,1,0,93.87450767115975,1
